Date,High,Low,Open,Close,Volume,Adj Close
2010-01-04,174.25,169.50999450683594,170.0500030517578,173.0800018310547,9135000.0,149.74659729003906
2010-01-05,176.25999450683594,172.57000732421875,173.0,176.13999938964844,11659400.0,152.39401245117188
2010-01-06,175.3800048828125,173.75999450683594,175.3800048828125,174.25999450683594,7381100.0,150.76742553710938
2010-01-07,178.75,173.9499969482422,174.32000732421875,177.6699981689453,8727400.0,153.7177276611328
2010-01-08,177.42999267578125,173.9499969482422,176.3300018310547,174.30999755859375,7268100.0,150.8107147216797
2010-01-11,175.05999755859375,170.52000427246094,175.05999755859375,171.55999755859375,7704900.0,148.4314727783203
2010-01-12,170.47999572753906,167.02999877929688,170.00999450683594,167.82000732421875,10360100.0,145.19564819335938
2010-01-13,169.6699981689453,166.1199951171875,168.00999450683594,169.07000732421875,11269500.0,146.27708435058594
2010-01-14,170.72000122070312,167.2100067138672,168.0,168.52999877929688,10521400.0,145.80995178222656
2010-01-15,167.8000030517578,164.5800018310547,167.60000610351562,165.2100067138672,10896300.0,142.93751525878906
2010-01-19,167.39999389648438,163.89999389648438,165.00999450683594,166.86000061035156,7705300.0,144.36505126953125
2010-01-20,168.17999267578125,164.32000732421875,165.8000030517578,167.7899932861328,8893900.0,145.169677734375
2010-01-21,171.0,156.77000427246094,169.2899932861328,160.8699951171875,51738300.0,139.1826171875
2010-01-22,159.75,152.25,158.69000244140625,154.1199951171875,30175600.0,133.3425750732422
2010-01-25,158.3000030517578,154.5,156.1300048828125,154.97999572753906,17877000.0,134.08663940429688
2010-01-26,156.5,150.6999969482422,154.91000366210938,150.8800048828125,15985900.0,130.53939819335938
2010-01-27,152.92999267578125,148.27000427246094,150.75,151.5,19899000.0,131.07577514648438
2010-01-28,155.1999969482422,149.9499969482422,154.22999572753906,153.2899932861328,16160700.0,132.62452697753906
2010-01-29,154.8800048828125,147.80999755859375,154.44000244140625,148.72000122070312,18502800.0,128.6706085205078
2010-02-01,155.25,149.2100067138672,149.82000732421875,153.1300048828125,12980800.0,132.48605346679688
2010-02-02,157.5,153.64999389648438,153.64999389648438,156.94000244140625,17246600.0,135.78240966796875
2010-02-03,159.94000244140625,157.11000061035156,157.9199981689453,157.22999572753906,16785200.0,136.0333251953125
2010-02-04,156.05999755859375,150.4499969482422,155.27000427246094,150.67999267578125,18895000.0,130.36636352539062
2010-02-05,154.4600067138672,148.8699951171875,150.82000732421875,154.16000366210938,18759200.0,133.37721252441406
2010-02-08,154.60000610351562,150.82000732421875,154.27000427246094,151.10000610351562,10257300.0,130.72972106933594
2010-02-09,153.52999877929688,149.64999389648438,152.6999969482422,152.49000549316406,14017300.0,131.93234252929688
2010-02-10,155.35000610351562,151.75999450683594,152.77000427246094,153.6300048828125,10555300.0,132.9186553955078
2010-02-11,155.32000732421875,152.25,154.39999389648438,154.0500030517578,11163400.0,133.2820587158203
2010-02-12,154.5,151.13999938964844,152.3699951171875,153.92999267578125,10293200.0,133.17816162109375
2010-02-16,157.74000549316406,154.60000610351562,155.3000030517578,157.39999389648438,11497100.0,136.18040466308594
2010-02-17,158.19000244140625,155.80999755859375,158.0,157.25999450683594,10070000.0,136.05931091308594
2010-02-18,156.58999633789062,154.8800048828125,155.61000061035156,155.72999572753906,10991100.0,134.7355499267578
2010-02-19,157.0,154.49000549316406,154.50999450683594,156.17999267578125,8693000.0,135.1248779296875
2010-02-22,157.97000122070312,156.02999877929688,157.1999969482422,156.7100067138672,7375500.0,135.58343505859375
2010-02-23,160.2100067138672,155.91000366210938,156.80999755859375,156.6999969482422,15696000.0,135.5748291015625
2010-02-24,159.25,156.8699951171875,157.33999633789062,158.3300018310547,8361500.0,136.98501586914062
2010-02-25,156.44000244140625,154.32000732421875,156.22999572753906,156.44000244140625,10519900.0,135.34983825683594
2010-02-26,156.99000549316406,155.25999450683594,156.25999450683594,156.35000610351562,7812700.0,135.5752716064453
2010-03-01,158.2899932861328,156.1699981689453,156.50999450683594,156.5399932861328,6522800.0,135.74000549316406
2010-03-02,159.75,156.91000366210938,157.17999267578125,158.75,11986400.0,137.6563720703125
2010-03-03,159.4499969482422,157.22999572753906,159.0399932861328,157.72000122070312,10006000.0,136.7632598876953
2010-03-04,163.85000610351562,158.11000061035156,158.25,163.61000061035156,15439500.0,141.87060546875
2010-03-05,168.25,165.0,165.11000061035156,167.17999267578125,12226700.0,144.96627807617188
2010-03-08,170.69000244140625,167.4600067138672,167.8800048828125,169.83999633789062,9344500.0,147.27281188964844
2010-03-09,172.1999969482422,168.0,169.22000122070312,168.85000610351562,12958700.0,146.41439819335938
2010-03-10,172.33999633789062,168.8699951171875,170.25999450683594,171.94000244140625,13107200.0,149.09381103515625
2010-03-11,173.57000732421875,171.10000610351562,171.39999389648438,173.50999450683594,8910600.0,150.4552001953125
2010-03-12,176.33999633789062,174.0,175.00999450683594,174.9600067138672,10216900.0,151.7125244140625
2010-03-15,175.1999969482422,170.3800048828125,173.9499969482422,173.52999877929688,13958600.0,150.47247314453125
2010-03-16,176.4199981689453,173.55999755859375,174.3300018310547,176.19000244140625,11687700.0,152.77906799316406
2010-03-17,177.8800048828125,175.57000732421875,176.86000061035156,176.63999938964844,10138600.0,153.16929626464844
2010-03-18,177.75,175.66000366210938,176.1999969482422,177.4499969482422,6883500.0,153.8716278076172
2010-03-19,178.2100067138672,175.9499969482422,177.89999389648438,177.89999389648438,10896600.0,154.26182556152344
2010-03-22,176.9499969482422,175.22999572753906,176.2100067138672,176.16000366210938,7320400.0,152.75306701660156
2010-03-23,176.80999755859375,173.2899932861328,176.25,174.8300018310547,10804800.0,151.59976196289062
2010-03-24,175.9600067138672,173.63999938964844,173.63999938964844,174.41000366210938,8396100.0,151.23556518554688
2010-03-25,178.72999572753906,174.77999877929688,175.24000549316406,174.89999389648438,9534300.0,151.66043090820312
2010-03-26,175.47999572753906,171.91000366210938,175.3800048828125,172.8699951171875,11811500.0,149.90020751953125
2010-03-29,174.42999267578125,171.63999938964844,173.8699951171875,174.0500030517578,11785600.0,150.92344665527344
2010-03-30,174.77999877929688,170.6999969482422,174.25999450683594,171.3800048828125,8184600.0,148.60816955566406
2010-03-31,171.66000366210938,169.85000610351562,170.0,170.6300048828125,8243200.0,147.95787048339844
2010-04-01,172.0,169.5,171.72000122070312,170.22000122070312,6480600.0,147.60231018066406
2010-04-05,173.3699951171875,169.77000427246094,170.67999267578125,173.16000366210938,6135000.0,150.15162658691406
2010-04-06,173.88999938964844,172.14999389648438,172.61000061035156,172.89999389648438,7743600.0,149.92623901367188
2010-04-07,177.89999389648438,172.80999755859375,172.88999938964844,176.36000061035156,13887200.0,152.926513671875
2010-04-08,180.8000030517578,175.27999877929688,176.10000610351562,179.5,10668800.0,155.64926147460938
2010-04-09,181.0,177.5,180.27999877929688,179.1199951171875,8462000.0,155.31968688964844
2010-04-12,180.3800048828125,177.83999633789062,179.36000061035156,177.83999633789062,6040800.0,154.2097930908203
2010-04-13,180.0,177.11000061035156,177.55999755859375,179.25,6466400.0,155.43251037597656
2010-04-14,185.94000244140625,183.07000732421875,183.91000366210938,184.9199981689453,12556400.0,160.3490753173828
2010-04-15,185.60000610351562,183.66000366210938,185.5399932861328,184.27000427246094,7838700.0,159.7854461669922
2010-04-16,186.41000366210938,155.5500030517578,183.6199951171875,160.6999969482422,102043700.0,139.34725952148438
2010-04-19,163.72999572753906,155.0,155.60000610351562,163.32000732421875,54299200.0,141.619140625
2010-04-20,166.7100067138672,158.0,166.44000244140625,159.97999572753906,42196600.0,138.72296142578125
2010-04-21,163.13999938964844,157.0,161.6699981689453,158.92999267578125,30371000.0,137.8125
2010-04-22,162.0,156.2899932861328,157.92999267578125,159.0500030517578,24823000.0,137.9165496826172
2010-04-23,160.72000122070312,157.0,160.19000244140625,157.39999389648438,14916000.0,136.48574829101562
2010-04-26,156.99000549316406,151.52000427246094,156.72000122070312,152.02999877929688,30940700.0,131.82925415039062
2010-04-27,156.19000244140625,150.14999389648438,150.25,153.0399932861328,34516800.0,132.70504760742188
2010-04-28,157.64999389648438,154.69000244140625,156.66000366210938,157.00999450683594,21226100.0,136.1476287841797
2010-04-29,161.0500030517578,158.33999633789062,159.5500030517578,160.24000549316406,18464300.0,138.9484100341797
2010-04-30,152.5,143.3000030517578,151.89999389648438,145.1999969482422,73187900.0,125.90676879882812
2010-05-03,150.64999389648438,146.5399932861328,147.83999633789062,149.5,28282700.0,129.6354522705078
2010-05-04,152.35000610351562,147.8300018310547,149.02999877929688,149.4499969482422,30313400.0,129.59214782714844
2010-05-05,151.22000122070312,147.1999969482422,148.10000610351562,148.19000244140625,18355200.0,128.49951171875
2010-05-06,148.6300048828125,139.05999755859375,147.47999572753906,142.32000732421875,22984700.0,123.4095230102539
2010-05-07,146.5500030517578,141.5,145.3800048828125,142.99000549316406,21268500.0,123.99047088623047
2010-05-10,149.89999389648438,141.1999969482422,149.08999633789062,143.8300018310547,23098200.0,124.71884155273438
2010-05-11,145.5,141.5500030517578,142.39999389648438,141.97000122070312,15497900.0,123.10602569580078
2010-05-12,147.64999389648438,142.27999877929688,144.24000549316406,147.1999969482422,15457000.0,127.64103698730469
2010-05-13,148.4499969482422,144.4199981689453,148.36000061035156,144.64999389648438,11517900.0,125.42992401123047
2010-05-14,144.14999389648438,141.89999389648438,143.41000366210938,143.22999572753906,10977400.0,124.19860076904297
2010-05-17,144.3000030517578,138.52999877929688,143.47000122070312,142.63999938964844,16330100.0,123.68697357177734
2010-05-18,143.75,136.60000610351562,143.69000244140625,137.36000061035156,18025300.0,119.10856628417969
2010-05-19,140.1300048828125,136.10000610351562,137.9499969482422,140.10000610351562,18079900.0,121.48448944091797
2010-05-20,139.49000549316406,135.75,138.1999969482422,136.10000610351562,16279200.0,118.01593780517578
2010-05-21,143.4499969482422,136.25,137.0800018310547,140.6199951171875,25553400.0,121.93537139892578
2010-05-24,142.9499969482422,136.50999450683594,142.0,136.69000244140625,16556800.0,118.52758026123047
2010-05-25,143.19000244140625,134.1999969482422,134.72999572753906,142.55999755859375,21490900.0,123.61756896972656
2010-05-26,145.8000030517578,139.69000244140625,144.2899932861328,140.3000030517578,17073900.0,121.65790557861328
2010-05-27,145.0500030517578,141.0399932861328,142.92999267578125,144.9499969482422,12910200.0,126.00434112548828
2010-05-28,145.8000030517578,143.10000610351562,144.4199981689453,144.25999450683594,10683700.0,125.40454864501953
2010-06-01,146.39999389648438,141.6999969482422,144.25999450683594,141.86000061035156,9455200.0,123.31828308105469
2010-06-02,145.0,141.13999938964844,142.0,144.8300018310547,7668400.0,125.90005493164062
2010-06-03,145.25,142.5,144.91000366210938,144.0399932861328,7454900.0,125.21331787109375
2010-06-04,145.8699951171875,141.7100067138672,142.1699981689453,142.25,14900400.0,123.65727996826172
2010-06-07,143.27000427246094,137.85000610351562,142.27999877929688,138.67999267578125,12238600.0,120.55389404296875
2010-06-08,139.67999267578125,135.0500030517578,139.13999938964844,137.77999877929688,14587000.0,119.77153015136719
2010-06-09,139.4199981689453,136.22000122070312,138.58999633789062,136.8000030517578,8950600.0,118.91959381103516
2010-06-10,137.77000427246094,131.3000030517578,137.60000610351562,133.77000427246094,21931000.0,116.28568267822266
2010-06-11,136.0500030517578,133.0,133.3300018310547,135.63999938964844,9241800.0,117.9112548828125
2010-06-14,137.11000061035156,133.39999389648438,137.11000061035156,133.44000244140625,10951400.0,115.9987564086914
2010-06-15,137.39999389648438,133.3000030517578,134.6300048828125,136.89999389648438,10649300.0,119.00655364990234
2010-06-16,138.25999450683594,135.7100067138672,136.05999755859375,137.05999755859375,7077700.0,119.14559173583984
2010-06-17,138.3800048828125,135.22000122070312,136.9499969482422,137.32000732421875,8104300.0,119.37164306640625
2010-06-18,139.72000122070312,137.52000427246094,137.82000732421875,138.17999267578125,10154900.0,120.11920928955078
2010-06-21,140.14999389648438,137.30999755859375,139.64999389648438,137.74000549316406,8691000.0,119.73677062988281
2010-06-22,137.75,134.58999633789062,137.5399932861328,134.7899932861328,9002200.0,117.17232513427734
2010-06-23,136.3800048828125,132.72999572753906,133.89999389648438,135.07000732421875,8232200.0,117.41574096679688
2010-06-24,135.97999572753906,133.11000061035156,134.13999938964844,134.97999572753906,9967900.0,117.3375015258789
2010-06-25,140.89999389648438,135.42999267578125,136.99000549316406,139.66000366210938,14332300.0,121.4057846069336
2010-06-28,140.3800048828125,136.52999877929688,140.3800048828125,136.66000366210938,9908100.0,118.79788970947266
2010-06-29,135.85000610351562,133.1699981689453,134.97999572753906,133.75999450683594,10338100.0,116.27696228027344
2010-06-30,134.3000030517578,131.02000427246094,133.67999267578125,131.27000427246094,9139800.0,114.1124496459961
2010-07-01,133.75,129.5,131.69000244140625,131.13999938964844,11645300.0,113.99937438964844
2010-07-02,132.3800048828125,129.69000244140625,132.11000061035156,131.0800018310547,6566400.0,113.94723510742188
2010-07-06,134.38999938964844,131.07000732421875,133.74000549316406,132.25999450683594,7820100.0,114.97303009033203
2010-07-07,136.1300048828125,132.07000732421875,132.44000244140625,135.8300018310547,9300400.0,118.0763931274414
2010-07-08,137.1699981689453,133.55999755859375,136.9199981689453,135.4600067138672,9895700.0,117.75475311279297
2010-07-09,138.5,134.58999633789062,135.36000061035156,138.05999755859375,6919900.0,120.0149154663086
2010-07-12,138.30999755859375,136.02999877929688,137.61000061035156,137.25,4728900.0,119.31076049804688
2010-07-13,141.1999969482422,138.11000061035156,138.5,140.25,8983900.0,121.91867065429688
2010-07-14,139.58999633789062,137.64999389648438,139.2899932861328,139.05999755859375,6068500.0,120.88419342041016
2010-07-15,146.25,137.82000732421875,140.02000427246094,145.22000122070312,21621900.0,126.23907470703125
2010-07-16,152.0,146.0500030517578,151.47000122070312,146.1699981689453,29604600.0,127.06492614746094
2010-07-19,147.6999969482422,144.10000610351562,147.6699981689453,145.67999267578125,10875900.0,126.63890838623047
2010-07-20,149.72999572753906,141.5500030517578,142.17999267578125,148.91000366210938,20571400.0,129.44680786132812
2010-07-21,150.97000122070312,146.86000061035156,150.0500030517578,146.99000549316406,11337000.0,127.77771759033203
2010-07-22,149.8800048828125,144.16000366210938,148.8800048828125,146.5500030517578,13307300.0,127.39523315429688
2010-07-23,148.41000366210938,144.57000732421875,146.64999389648438,147.3800048828125,7306900.0,128.1167449951172
2010-07-26,149.0,145.2100067138672,147.38999938964844,148.1999969482422,6089000.0,128.82960510253906
2010-07-27,149.66000366210938,147.0,149.08999633789062,147.22999572753906,7151200.0,127.98632049560547
2010-07-28,148.64999389648438,146.77999877929688,147.0,147.1999969482422,4845600.0,127.96025848388672
2010-07-29,153.14999389648438,147.6300048828125,148.27000427246094,152.5800018310547,15657700.0,132.6371307373047
2010-07-30,153.41000366210938,150.8000030517578,151.35000610351562,150.82000732421875,8792400.0,131.10711669921875
2010-08-02,153.63999938964844,151.61000061035156,152.82000732421875,152.74000549316406,6523100.0,132.7761688232422
2010-08-03,153.9600067138672,151.41000366210938,152.1199951171875,153.19000244140625,5648500.0,133.16732788085938
2010-08-04,157.25,153.0,153.6199951171875,156.41000366210938,12283700.0,135.96649169921875
2010-08-05,156.22000122070312,154.39999389648438,155.6300048828125,155.9199981689453,5680200.0,135.5405731201172
2010-08-06,156.05999755859375,153.77000427246094,154.5399932861328,155.17999267578125,8082600.0,134.89727783203125
2010-08-09,156.1999969482422,154.58999633789062,155.92999267578125,155.39999389648438,4209800.0,135.0885009765625
2010-08-10,154.77000427246094,153.17999267578125,154.02000427246094,153.89999389648438,5861700.0,133.7845916748047
2010-08-11,152.0,148.91000366210938,151.72000122070312,149.25,7734400.0,129.74234008789062
2010-08-12,150.58999633789062,147.80999755859375,147.80999755859375,149.4199981689453,4949300.0,129.89010620117188
2010-08-13,150.4499969482422,148.0800018310547,149.3800048828125,148.0800018310547,4218700.0,128.72525024414062
2010-08-16,149.17999267578125,147.0,147.5800018310547,147.75999450683594,3760100.0,128.4470977783203
2010-08-17,149.7899932861328,148.13999938964844,148.67999267578125,148.58999633789062,4391600.0,129.1685791015625
2010-08-18,149.94000244140625,147.72999572753906,148.5399932861328,149.1999969482422,4460600.0,129.6988983154297
2010-08-19,149.66000366210938,146.27999877929688,148.6699981689453,147.0500030517578,5290900.0,127.82991790771484
2010-08-20,148.97000122070312,147.25,147.44000244140625,148.24000549316406,5276800.0,128.8643035888672
2010-08-23,148.5,146.60000610351562,148.1199951171875,146.74000549316406,3729200.0,127.56044006347656
2010-08-24,145.49000549316406,143.82000732421875,144.8000030517578,143.9499969482422,6372300.0,125.13505554199219
2010-08-25,145.3300018310547,142.75,142.80999755859375,144.67999267578125,5638400.0,125.7696533203125
2010-08-26,145.16000366210938,141.66000366210938,144.94000244140625,141.80999755859375,6818100.0,123.27479553222656
2010-08-27,141.74000549316406,138.25,141.1300048828125,139.75,11252000.0,121.4840316772461
2010-08-30,140.11000061035156,136.64999389648438,138.8300018310547,136.66000366210938,6205800.0,119.09616088867188
2010-08-31,138.00999450683594,135.7899932861328,136.25,136.92999267578125,7064100.0,119.33147430419922
2010-09-01,140.33999633789062,137.8000030517578,139.00999450683594,139.74000549316406,6897700.0,121.78034210205078
2010-09-02,140.14999389648438,138.4499969482422,139.92999267578125,139.77999877929688,4992000.0,121.81517791748047
2010-09-03,147.99000549316406,141.3300018310547,141.6199951171875,147.2899932861328,13588500.0,128.36001586914062
2010-09-07,146.24000549316406,144.14999389648438,146.14999389648438,145.2100067138672,6211300.0,126.54730224609375
2010-09-08,149.66000366210938,145.36000061035156,145.3800048828125,147.5399932861328,8310300.0,128.57786560058594
2010-09-09,150.67999267578125,148.5,149.7899932861328,149.13999938964844,6729800.0,129.97219848632812
2010-09-10,150.75,148.80999755859375,149.4600067138672,150.38999938964844,4417200.0,131.06153869628906
2010-09-13,154.6999969482422,152.3000030517578,152.32000732421875,154.3699951171875,7653600.0,134.53009033203125
2010-09-14,153.75,152.22999572753906,153.5399932861328,152.52999877929688,5688200.0,132.926513671875
2010-09-15,152.8000030517578,150.6699981689453,151.6699981689453,152.55999755859375,5698200.0,132.9526824951172
2010-09-16,152.47999572753906,151.16000366210938,152.27999877929688,152.22999572753906,4388600.0,132.66505432128906
2010-09-17,152.47000122070312,150.55999755859375,152.11000061035156,150.97999572753906,4835600.0,131.5757598876953
2010-09-20,152.39999389648438,149.88999938964844,150.97999572753906,151.89999389648438,5640500.0,132.3774871826172
2010-09-21,154.57000732421875,151.08999633789062,152.11000061035156,151.39999389648438,6876000.0,131.9417724609375
2010-09-22,150.5500030517578,147.69000244140625,149.9499969482422,148.07000732421875,8986100.0,129.03970336914062
2010-09-23,146.8699951171875,143.97999572753906,146.36000061035156,144.91000366210938,9152400.0,126.2859115600586
2010-09-24,147.60000610351562,145.82000732421875,146.25,147.27999877929688,5623700.0,128.35133361816406
2010-09-27,148.41000366210938,145.77999877929688,147.00999450683594,146.0,5205900.0,127.23583221435547
2010-09-28,146.69000244140625,144.05999755859375,146.50999450683594,145.00999450683594,5504800.0,126.37299346923828
2010-09-29,145.02000427246094,142.5399932861328,145.02000427246094,144.4199981689453,6944900.0,125.85885620117188
2010-09-30,146.97999572753906,144.3000030517578,145.25,144.5800018310547,6854400.0,125.9983139038086
2010-10-01,148.5,144.82000732421875,145.1999969482422,147.6999969482422,7439800.0,128.71726989746094
2010-10-04,148.47000122070312,144.6999969482422,147.6999969482422,146.57000732421875,5866700.0,127.7325439453125
2010-10-05,150.27999877929688,146.07000732421875,147.55999755859375,149.57000732421875,8724700.0,130.34698486328125
2010-10-06,152.3300018310547,149.1300048828125,149.75,150.83999633789062,6330600.0,131.45370483398438
2010-10-07,152.36000061035156,150.02999877929688,152.11000061035156,151.11000061035156,4471500.0,131.68905639648438
2010-10-08,153.39999389648438,150.6199951171875,151.14999389648438,152.66000366210938,5225100.0,133.0398712158203
2010-10-11,153.08999633789062,151.27000427246094,152.6699981689453,152.1999969482422,4454400.0,132.63894653320312
2010-10-12,155.4499969482422,151.00999450683594,151.3000030517578,155.2100067138672,6378000.0,135.26211547851562
2010-10-13,156.69000244140625,154.38999938964844,156.3000030517578,154.72999572753906,5626200.0,134.84378051757812
2010-10-14,154.2899932861328,150.5500030517578,154.22999572753906,151.58999633789062,6891100.0,132.1073455810547
2010-10-15,152.69000244140625,150.66000366210938,152.69000244140625,150.69000244140625,6901500.0,131.322998046875
2010-10-18,154.3800048828125,150.85000610351562,150.92999267578125,153.6999969482422,6972300.0,133.94610595703125
2010-10-19,159.6999969482422,154.11000061035156,155.13999938964844,156.72000122070312,14491200.0,136.5780487060547
2010-10-20,160.25,154.86000061035156,156.2100067138672,159.60000610351562,10631200.0,139.08790588378906
2010-10-21,161.5,158.10000610351562,159.5800018310547,159.3000030517578,6350900.0,138.82644653320312
2010-10-22,159.97999572753906,157.5,159.88999938964844,157.75999450683594,4051700.0,137.48440551757812
2010-10-25,159.4499969482422,156.27000427246094,159.36000061035156,157.38999938964844,5728300.0,137.1619415283203
2010-10-26,158.72999572753906,156.52999877929688,156.72000122070312,158.2899932861328,4068500.0,137.94627380371094
2010-10-27,160.58999633789062,157.0,157.19000244140625,160.14999389648438,6570900.0,139.5672149658203
2010-10-28,163.7899932861328,160.44000244140625,160.86000061035156,163.24000549316406,9918800.0,142.2600860595703
2010-10-29,163.60000610351562,160.9499969482422,162.14999389648438,161.1300048828125,4536600.0,140.42127990722656
2010-11-01,162.9600067138672,160.1699981689453,161.77000427246094,161.57000732421875,4514400.0,140.80467224121094
2010-11-02,163.0,161.8000030517578,162.05999755859375,162.82000732421875,3332400.0,141.8941192626953
2010-11-03,163.17999267578125,160.57000732421875,163.17999267578125,162.6300048828125,4462800.0,141.72848510742188
2010-11-04,166.39999389648438,162.69000244140625,163.6199951171875,166.38999938964844,8162600.0,145.00523376464844
2010-11-05,171.17999267578125,165.9199981689453,165.99000549316406,171.07000732421875,11989300.0,149.08377075195312
2010-11-08,171.61000061035156,169.10000610351562,169.9499969482422,169.1999969482422,5516100.0,147.4540557861328
2010-11-09,170.85000610351562,166.0,170.3000030517578,166.5500030517578,7343900.0,145.14462280273438
2010-11-10,168.64999389648438,165.57000732421875,166.30999755859375,167.22000122070312,6328100.0,145.7285919189453
2010-11-11,168.88999938964844,165.7899932861328,165.7899932861328,167.7100067138672,3931500.0,146.15557861328125
2010-11-12,168.1199951171875,164.64999389648438,166.38999938964844,165.8300018310547,4735600.0,144.51719665527344
2010-11-15,169.35000610351562,165.00999450683594,165.67999267578125,167.22000122070312,5199000.0,145.7285919189453
2010-11-16,167.0,164.66000366210938,165.8000030517578,165.10000610351562,5914100.0,143.88099670410156
2010-11-17,165.72999572753906,164.0,165.1199951171875,164.88999938964844,3726300.0,143.697998046875
2010-11-18,168.92999267578125,165.60000610351562,165.69000244140625,167.35000610351562,4987500.0,145.84181213378906
2010-11-19,167.75,165.6999969482422,167.5,166.6699981689453,4584500.0,145.24923706054688
2010-11-22,164.3800048828125,158.4499969482422,164.3000030517578,161.0500030517578,11364000.0,140.3514862060547
2010-11-23,160.89999389648438,157.66000366210938,159.10000610351562,157.77999877929688,7315000.0,137.50177001953125
2010-11-24,160.6999969482422,158.5500030517578,158.9600067138672,160.25999450683594,4258200.0,139.6630401611328
2010-11-26,159.35000610351562,158.07000732421875,158.4600067138672,158.22000122070312,1876900.0,137.8852081298828
2010-11-29,160.0,157.0,157.49000549316406,159.27999877929688,4819900.0,138.80899047851562
2010-11-30,159.3300018310547,156.13999938964844,158.07000732421875,156.13999938964844,5416900.0,136.3722381591797
2010-12-01,159.1999969482422,157.0,158.4499969482422,158.4499969482422,6024000.0,138.38975524902344
2010-12-02,163.25,158.83999633789062,159.16000366210938,162.5,7208600.0,141.927001953125
2010-12-03,162.5,160.9499969482422,161.30999755859375,162.30999755859375,4658000.0,141.76107788085938
2010-12-06,163.19000244140625,161.49000549316406,161.66000366210938,162.64999389648438,3686300.0,142.05801391601562
2010-12-07,164.77000427246094,161.44000244140625,164.52000427246094,161.58999633789062,5527700.0,141.13221740722656
2010-12-08,166.13999938964844,161.88999938964844,161.9600067138672,166.13999938964844,5259500.0,145.10621643066406
2010-12-09,167.75,165.75,167.0,166.4499969482422,5746400.0,145.37696838378906
2010-12-10,168.47000122070312,165.89999389648438,166.41000366210938,168.47000122070312,4543600.0,147.1412353515625
2010-12-13,170.9199981689453,167.89999389648438,168.25,169.47999572753906,5325200.0,148.02333068847656
2010-12-14,169.99000549316406,166.83999633789062,169.6699981689453,167.3300018310547,4892700.0,146.14553833007812
2010-12-15,167.2899932861328,165.11000061035156,166.63999938964844,165.2100067138672,4358100.0,144.29396057128906
2010-12-16,165.91000366210938,163.2100067138672,165.69000244140625,164.4600067138672,4164400.0,143.63893127441406
2010-12-17,165.0,163.1199951171875,163.9199981689453,164.0399932861328,5343000.0,143.2720947265625
2010-12-20,166.89999389648438,163.64999389648438,163.74000549316406,166.0500030517578,3719100.0,145.02760314941406
2010-12-21,168.8800048828125,166.5,166.5399932861328,168.22999572753906,4546900.0,146.93157958984375
2010-12-22,169.67999267578125,167.89999389648438,168.6699981689453,169.60000610351562,3858500.0,148.128173828125
2010-12-23,169.6999969482422,167.1699981689453,169.10000610351562,167.60000610351562,2494000.0,146.38140869140625
2010-12-27,170.0,166.41000366210938,166.7899932861328,169.8300018310547,2715000.0,148.3290252685547
2010-12-28,171.22999572753906,168.8300018310547,170.0,169.19000244140625,2862900.0,147.77005004882812
2010-12-29,169.77999877929688,166.57000732421875,169.39999389648438,167.6300048828125,3329800.0,146.4075469970703
2010-12-30,168.25,166.99000549316406,168.08999633789062,167.63999938964844,1745400.0,146.41624450683594
2010-12-31,168.8000030517578,167.00999450683594,167.5800018310547,168.16000366210938,1636300.0,146.8704376220703
2011-01-03,173.25,169.85000610351562,170.5500030517578,173.0500030517578,5717100.0,151.14141845703125
2011-01-04,174.0,172.0,173.8699951171875,173.0800018310547,3335500.0,151.16761779785156
2011-01-05,174.49000549316406,172.0,172.0500030517578,174.0,4140600.0,151.97109985351562
2011-01-06,174.58999633789062,171.97999572753906,174.50999450683594,172.2100067138672,5375200.0,150.40777587890625
2011-01-07,172.88999938964844,169.36000061035156,172.6999969482422,170.69000244140625,4916100.0,149.0801544189453
2011-01-10,171.2899932861328,169.1999969482422,170.0,169.75999450683594,3650300.0,148.26791381835938
2011-01-11,171.42999267578125,168.32000732421875,170.5,169.36000061035156,4572300.0,147.9185028076172
2011-01-12,172.30999755859375,169.17999267578125,169.38999938964844,171.6699981689453,5592900.0,149.9361114501953
2011-01-13,172.60000610351562,171.0,172.0399932861328,171.57000732421875,3183800.0,149.84877014160156
2011-01-14,175.0,171.19000244140625,171.19000244140625,175.0,5885100.0,152.84451293945312
2011-01-18,175.33999633789062,173.0500030517578,174.75,174.67999267578125,4981200.0,152.56500244140625
2011-01-19,171.49000549316406,165.86000061035156,169.4600067138672,166.49000549316406,13372700.0,145.411865234375
2011-01-20,167.05999755859375,164.00999450683594,166.5500030517578,165.69000244140625,8914900.0,144.71319580078125
2011-01-21,169.1999969482422,165.1199951171875,165.8800048828125,166.1999969482422,5876500.0,145.15863037109375
2011-01-24,167.07000732421875,165.75,165.99000549316406,166.3000030517578,4624300.0,145.24594116210938
2011-01-25,164.7899932861328,160.1199951171875,163.0500030517578,161.97999572753906,11259800.0,141.47286987304688
2011-01-26,162.83999633789062,161.0399932861328,161.6999969482422,161.30999755859375,6738000.0,140.88772583007812
2011-01-27,164.25,161.11000061035156,161.1300048828125,164.02999877929688,6036000.0,143.26329040527344
2011-01-28,165.08999633789062,161.4199981689453,164.16000366210938,161.77000427246094,4570000.0,141.2894287109375
2011-01-31,163.72000122070312,161.22999572753906,161.3800048828125,163.6199951171875,3792800.0,142.9052276611328
2011-02-01,166.25,163.61000061035156,163.86000061035156,165.3300018310547,4138400.0,144.3987274169922
2011-02-02,166.63999938964844,164.1999969482422,165.14999389648438,165.0500030517578,2986200.0,144.15419006347656
2011-02-03,164.99000549316406,161.83999633789062,164.99000549316406,164.63999938964844,4710400.0,143.7960968017578
2011-02-04,164.97999572753906,162.75999450683594,164.8800048828125,164.8300018310547,3354500.0,143.9620819091797
2011-02-07,168.10000610351562,164.60000610351562,164.7899932861328,167.1300048828125,5036700.0,145.97091674804688
2011-02-08,168.72000122070312,166.25999450683594,167.02000427246094,168.5500030517578,4718700.0,147.2111053466797
2011-02-09,168.22999572753906,164.66000366210938,168.22999572753906,166.00999450683594,5663900.0,144.99264526367188
2011-02-10,166.64999389648438,164.67999267578125,165.14999389648438,165.33999633789062,4265800.0,144.40750122070312
2011-02-11,167.69000244140625,164.80999755859375,165.11000061035156,166.66000366210938,4257100.0,145.56036376953125
2011-02-14,167.8000030517578,165.50999450683594,166.14999389648438,167.52000427246094,3547200.0,146.3114776611328
2011-02-15,168.44000244140625,166.82000732421875,167.32000732421875,167.91000366210938,4025900.0,146.65211486816406
2011-02-16,169.89999389648438,168.0,168.55999755859375,168.80999755859375,4606300.0,147.4381561279297
2011-02-17,168.69000244140625,167.0,168.5399932861328,167.16000366210938,4448100.0,145.9970703125
2011-02-18,168.3000030517578,166.85000610351562,167.0399932861328,168.0399932861328,3728100.0,146.76564025878906
2011-02-22,165.75999450683594,162.35000610351562,165.6699981689453,162.94000244140625,5448200.0,142.31137084960938
2011-02-23,164.8000030517578,161.77000427246094,162.6300048828125,163.08999633789062,4560400.0,142.4423370361328
2011-02-24,163.89999389648438,161.32000732421875,162.1999969482422,163.44000244140625,4619300.0,142.748046875
2011-02-25,165.8800048828125,163.52000427246094,164.0500030517578,165.1199951171875,4636200.0,144.21531677246094
2011-02-28,166.25,163.11000061035156,165.52999877929688,163.77999877929688,4235200.0,143.34884643554688
2011-03-01,164.49000549316406,161.3000030517578,163.5500030517578,161.30999755859375,7015500.0,141.1869659423828
2011-03-02,163.3300018310547,161.11000061035156,161.5800018310547,161.69000244140625,4658400.0,141.51954650878906
2011-03-03,165.17999267578125,162.69000244140625,162.7100067138672,164.49000549316406,4581200.0,143.97024536132812
2011-03-04,163.0,160.36000061035156,162.8800048828125,161.0,7810800.0,140.91561889648438
2011-03-07,161.83999633789062,158.5,161.41000366210938,159.14999389648438,7004100.0,139.2964630126953
2011-03-08,161.77999877929688,159.0399932861328,159.42999267578125,161.3000030517578,4845900.0,141.1781768798828
2011-03-09,163.72000122070312,161.5800018310547,161.85000610351562,162.35000610351562,4125200.0,142.0972442626953
2011-03-10,161.0,159.99000549316406,160.8000030517578,160.27000427246094,4563400.0,140.2766876220703
2011-03-11,161.5500030517578,159.83999633789062,159.85000610351562,160.67999267578125,2883900.0,140.63551330566406
2011-03-14,160.5,158.02000427246094,159.94000244140625,158.42999267578125,4376100.0,138.66619873046875
2011-03-15,158.0500030517578,154.85000610351562,156.05999755859375,157.25,5243600.0,137.63343811035156
2011-03-16,157.24000549316406,153.25999450683594,157.22999572753906,154.3800048828125,7223400.0,135.12149047851562
2011-03-17,156.35000610351562,153.9499969482422,155.92999267578125,155.75,5293900.0,136.320556640625
2011-03-18,160.25,155.24000549316406,156.60000610351562,159.9600067138672,10170600.0,140.00537109375
2011-03-21,162.14999389648438,159.89999389648438,161.6199951171875,160.2100067138672,4663300.0,140.22418212890625
2011-03-22,162.2100067138672,160.1199951171875,160.63999938964844,160.7899932861328,3538900.0,140.73184204101562
2011-03-23,160.22999572753906,158.24000549316406,160.02000427246094,159.52999877929688,3603300.0,139.62896728515625
2011-03-24,160.5,158.8300018310547,160.35000610351562,159.91000366210938,2734400.0,139.96163940429688
2011-03-25,160.50999450683594,157.6999969482422,160.50999450683594,157.97000122070312,4020700.0,138.263671875
2011-03-28,159.2899932861328,156.41000366210938,158.1999969482422,156.47000122070312,3686800.0,136.95074462890625
2011-03-29,158.6999969482422,155.52999877929688,156.60000610351562,158.47000122070312,3769400.0,138.7012481689453
2011-03-30,160.42999267578125,157.47000122070312,159.02999877929688,159.07000732421875,2967200.0,139.22640991210938
2011-03-31,160.07000732421875,157.32000732421875,157.3800048828125,158.60000610351562,3317700.0,138.81507873535156
2011-04-01,162.0,159.66000366210938,159.77000427246094,160.22999572753906,3787900.0,140.24168395996094
2011-04-04,160.8800048828125,158.60000610351562,160.75999450683594,158.89999389648438,2816800.0,139.07763671875
2011-04-05,159.14999389648438,157.6199951171875,158.4600067138672,158.91000366210938,3173700.0,139.0863494873047
2011-04-06,161.99000549316406,158.85000610351562,159.88999938964844,161.88999938964844,4198700.0,141.69461059570312
2011-04-07,164.39999389648438,161.57000732421875,161.99000549316406,162.39999389648438,4589200.0,142.14096069335938
2011-04-08,163.6199951171875,160.82000732421875,163.49000549316406,160.9600067138672,3280800.0,140.88064575195312
2011-04-11,162.91000366210938,160.5399932861328,160.5399932861328,161.47000122070312,3126900.0,141.32701110839844
2011-04-12,161.44000244140625,159.4499969482422,160.25,160.4199981689453,3328100.0,140.4080047607422
2011-04-13,163.97999572753906,159.8300018310547,162.5,160.1699981689453,5145000.0,140.189208984375
2011-04-14,157.60000610351562,155.25,157.50999450683594,155.7899932861328,7982300.0,136.3555450439453
2011-04-15,156.9499969482422,154.6300048828125,156.17999267578125,155.1300048828125,5608300.0,135.77793884277344
2011-04-18,154.8800048828125,151.52000427246094,154.0500030517578,153.77999877929688,5992900.0,134.59629821777344
2011-04-19,156.10000610351562,149.5500030517578,156.08999633789062,151.86000061035156,13463800.0,132.91583251953125
2011-04-20,154.14999389648438,151.5,153.1699981689453,152.6999969482422,7181300.0,133.65106201171875
2011-04-21,154.3300018310547,152.6999969482422,153.08999633789062,153.50999450683594,3977500.0,134.36000061035156
2011-04-25,152.58999633789062,151.17999267578125,152.5800018310547,152.19000244140625,3711600.0,133.2046661376953
2011-04-26,153.9499969482422,151.77999877929688,151.88999938964844,153.27000427246094,4400000.0,134.1499481201172
2011-04-27,153.85000610351562,152.0,153.60000610351562,152.86000061035156,4207000.0,133.79110717773438
2011-04-28,152.60000610351562,150.1999969482422,152.5500030517578,150.60000610351562,5906700.0,131.81300354003906
2011-04-29,151.8699951171875,149.63999938964844,150.27999877929688,151.00999450683594,6075500.0,132.17184448242188
2011-05-02,153.07000732421875,151.07000732421875,152.1999969482422,151.3000030517578,4362700.0,132.42568969726562
2011-05-03,152.8000030517578,150.67999267578125,150.97000122070312,151.8699951171875,3557400.0,132.9246063232422
2011-05-04,152.4600067138672,150.9499969482422,152.25,151.52000427246094,3768000.0,132.61825561523438
2011-05-05,151.22000122070312,149.9499969482422,150.8699951171875,150.41000366210938,4100200.0,131.64671325683594
2011-05-06,151.97000122070312,149.52999877929688,151.47000122070312,150.10000610351562,5429300.0,131.3754119873047
2011-05-09,149.8699951171875,148.8000030517578,149.6999969482422,149.1199951171875,3152400.0,130.517578125
2011-05-10,150.74000549316406,148.52000427246094,149.02000427246094,150.39999389648438,4033800.0,131.63795471191406
2011-05-11,150.0,147.64999389648438,150.0,147.8800048828125,5310500.0,129.43231201171875
2011-05-12,146.77999877929688,140.66000366210938,145.99000549316406,142.75,20659200.0,124.94227600097656
2011-05-13,142.52000427246094,139.25,142.38999938964844,141.4600067138672,14256700.0,123.813232421875
2011-05-16,143.38999938964844,140.25999450683594,140.88999938964844,140.60000610351562,6458800.0,123.06047058105469
2011-05-17,141.9499969482422,139.0800018310547,140.25999450683594,140.80999755859375,7071400.0,123.2442626953125
2011-05-18,141.82000732421875,140.2100067138672,140.92999267578125,140.83999633789062,4768900.0,123.2705078125
2011-05-19,141.3000030517578,138.42999267578125,141.22999572753906,139.33999633789062,7331500.0,121.9576187133789
2011-05-20,139.63999938964844,134.7899932861328,138.17999267578125,134.99000549316406,11284500.0,118.15034484863281
2011-05-23,137.19000244140625,133.63999938964844,133.63999938964844,135.83999633789062,8406500.0,118.89427947998047
2011-05-24,136.75999450683594,135.02999877929688,136.27000427246094,136.33999633789062,6605300.0,119.33190155029297
2011-05-25,137.58999633789062,135.50999450683594,135.6699981689453,136.24000549316406,6528800.0,119.24439239501953
2011-05-26,136.6999969482422,135.33999633789062,136.1999969482422,136.25999450683594,5332300.0,119.2618637084961
2011-05-27,138.9600067138672,136.22999572753906,136.25,138.66000366210938,5275700.0,121.6750259399414
2011-05-31,142.3000030517578,139.8800048828125,140.82000732421875,140.72999572753906,7023200.0,123.4914779663086
2011-06-01,140.0,136.10000610351562,139.9499969482422,136.1699981689453,6768100.0,119.49005126953125
2011-06-02,136.72999572753906,131.5,136.64999389648438,134.3800048828125,12423400.0,117.9192886352539
2011-06-03,137.1699981689453,132.88999938964844,132.97999572753906,135.3300018310547,5457600.0,118.7529067993164
2011-06-06,135.22000122070312,133.13999938964844,134.75,133.89999389648438,5287800.0,117.49809265136719
2011-06-07,135.75999450683594,132.99000549316406,134.3800048828125,132.99000549316406,6191500.0,116.69957733154297
2011-06-08,134.88999938964844,131.5,132.6300048828125,131.58999633789062,6795100.0,115.4710693359375
2011-06-09,135.10000610351562,131.8300018310547,131.99000549316406,133.52999877929688,4498100.0,117.17341613769531
2011-06-10,137.25,132.52000427246094,133.2100067138672,135.9199981689453,7556800.0,119.27064514160156
2011-06-13,137.97000122070312,135.9199981689453,136.1300048828125,137.52999877929688,5272900.0,120.68344116210938
2011-06-14,138.9499969482422,136.5399932861328,138.1999969482422,137.10000610351562,5849900.0,120.30612182617188
2011-06-15,137.58999633789062,134.00999450683594,136.07000732421875,134.85000610351562,5715200.0,118.33173370361328
2011-06-16,136.88999938964844,134.14999389648438,134.6300048828125,136.08999633789062,5230700.0,119.41983032226562
2011-06-17,138.7899932861328,137.2100067138672,137.8300018310547,137.22999572753906,6758300.0,120.42019653320312
2011-06-20,136.72999572753906,134.36000061035156,136.4199981689453,135.13999938964844,4019900.0,118.58622741699219
2011-06-21,137.19000244140625,134.3000030517578,135.5,135.9600067138672,4213300.0,119.30574035644531
2011-06-22,137.77999877929688,134.42999267578125,135.58999633789062,134.52000427246094,4224400.0,118.04215240478516
2011-06-23,133.8300018310547,131.63999938964844,133.10000610351562,132.36000061035156,6706600.0,116.14674377441406
2011-06-24,133.4499969482422,130.82000732421875,132.80999755859375,130.91000366210938,5774800.0,114.8743896484375
2011-06-27,131.86000061035156,129.8000030517578,130.75,130.7100067138672,5831800.0,114.69886016845703
2011-06-28,131.33999633789062,128.3000030517578,131.33999633789062,129.25999450683594,8056000.0,113.42646026611328
2011-06-29,133.22999572753906,129.5,129.72999572753906,132.52999877929688,8170800.0,116.29591369628906
2011-06-30,133.8000030517578,131.5,133.0500030517578,133.08999633789062,4980900.0,116.78731536865234
2011-07-01,136.72000122070312,133.08999633789062,133.42999267578125,136.64999389648438,5103500.0,119.91120910644531
2011-07-05,136.0500030517578,133.0,135.89999389648438,134.5,4458300.0,118.02462768554688
2011-07-06,134.44000244140625,132.82000732421875,133.77999877929688,133.88999938964844,3029100.0,117.48931121826172
2011-07-07,136.1999969482422,134.72000122070312,135.08999633789062,135.00999450683594,3857500.0,118.47213745117188
2011-07-08,134.39999389648438,133.1699981689453,133.32000732421875,134.0800018310547,4141600.0,117.65605926513672
2011-07-11,133.42999267578125,131.07000732421875,132.75,132.02000427246094,4722900.0,115.8483657836914
2011-07-12,132.66000366210938,130.10000610351562,131.4199981689453,130.30999755859375,4330900.0,114.34783935546875
2011-07-13,131.77000427246094,129.6999969482422,130.74000549316406,129.9199981689453,4410500.0,114.00564575195312
2011-07-14,132.1999969482422,129.75,131.6999969482422,129.88999938964844,5357200.0,113.97930145263672
2011-07-15,131.50999450683594,129.17999267578125,131.30999755859375,130.16000366210938,5255100.0,114.21625518798828
2011-07-18,130.16000366210938,127.5,129.5800018310547,129.3300018310547,5836500.0,113.48792266845703
2011-07-19,129.92999267578125,125.5,125.7300033569336,128.49000549316406,15297700.0,112.75080871582031
2011-07-20,133.8000030517578,127.58000183105469,128.0,132.75,8578300.0,116.48895263671875
2011-07-21,135.97999572753906,133.25,133.52000427246094,135.5800018310547,7671000.0,118.97234344482422
2011-07-22,136.47000122070312,134.44000244140625,135.02999877929688,135.49000549316406,4925500.0,118.89334106445312
2011-07-25,137.1300048828125,133.5,134.1699981689453,136.85000610351562,5856700.0,120.0867919921875
2011-07-26,139.25,136.02000427246094,136.61000061035156,137.60000610351562,5464700.0,120.74488067626953
2011-07-27,137.25,134.44000244140625,136.7899932861328,134.72000122070312,5250000.0,118.21764373779297
2011-07-28,138.1300048828125,134.64999389648438,134.97000122070312,135.83999633789062,4429700.0,119.20051574707031
2011-07-29,136.60000610351562,133.1300048828125,134.10000610351562,134.97000122070312,5340300.0,118.43704223632812
2011-08-01,137.33999633789062,133.75,136.9199981689453,134.14999389648438,5880700.0,117.71746826171875
2011-08-02,134.75999450683594,131.17999267578125,132.0800018310547,131.22999572753906,7594500.0,115.1551513671875
2011-08-03,133.27000427246094,130.7100067138672,131.35000610351562,132.0800018310547,6499400.0,115.90103912353516
2011-08-04,131.88999938964844,126.20999908447266,130.83999633789062,126.2300033569336,8193300.0,110.76763153076172
2011-08-05,129.22999572753906,122.3499984741211,127.75,125.18000030517578,11167300.0,109.84623718261719
2011-08-08,125.44000244140625,112.11000061035156,122.08000183105469,117.66000366210938,17378000.0,103.24739837646484
2011-08-09,123.1500015258789,111.5999984741211,120.51000213623047,122.7300033569336,15913400.0,107.69637298583984
2011-08-10,119.66999816894531,110.04000091552734,119.58000183105469,110.33999633789062,18592000.0,96.82406616210938
2011-08-11,119.75,112.25,112.94000244140625,118.0999984741211,11842200.0,103.63349914550781
2011-08-12,120.87999725341797,115.29000091552734,119.81999969482422,116.47000122070312,9607900.0,102.20317840576172
2011-08-15,119.69999694824219,116.0,117.56999969482422,119.12999725341797,7257200.0,104.53733825683594
2011-08-16,119.77999877929688,115.5,117.5999984741211,116.87000274658203,7413100.0,102.55416870117188
2011-08-17,118.75,116.55000305175781,117.36000061035156,117.25,4828600.0,102.88762664794922
2011-08-18,114.5,112.04000091552734,112.1500015258789,113.13999938964844,9284600.0,99.28105926513672
2011-08-19,115.30000305175781,111.11000061035156,111.87000274658203,111.76000213623047,6829000.0,98.07013702392578
2011-08-22,114.48999786376953,105.0999984741211,114.16999816894531,106.51000213623047,11286600.0,93.46321868896484
2011-08-23,108.80000305175781,103.16000366210938,106.0199966430664,106.86000061035156,24482500.0,93.77032470703125
2011-08-24,110.73999786376953,106.38999938964844,106.9000015258789,110.30999755859375,10169800.0,96.7977066040039
2011-08-25,118.0999984741211,108.11000061035156,114.51000213623047,109.83999633789062,11939500.0,96.38530731201172
2011-08-26,112.58000183105469,107.72000122070312,108.62999725341797,111.75,7355700.0,98.06133270263672
2011-08-29,116.54000091552734,112.33000183105469,113.6500015258789,116.06999969482422,5177900.0,101.85218048095703
2011-08-30,116.0,113.25,115.33000183105469,115.18000030517578,5298800.0,101.37686920166016
2011-08-31,117.80000305175781,114.66999816894531,115.4000015258789,116.22000122070312,6488100.0,102.29222106933594
2011-09-01,115.55000305175781,111.5999984741211,115.55000305175781,112.16000366210938,9855500.0,98.71878814697266
2011-09-02,109.23999786376953,105.80000305175781,108.58000183105469,107.05999755859375,8380900.0,94.22996520996094
2011-09-06,105.5999984741211,103.43000030517578,103.66999816894531,104.55999755859375,7749300.0,92.0295639038086
2011-09-07,108.79000091552734,105.0,106.0,108.33999633789062,6526400.0,95.35655975341797
2011-09-08,108.0,104.73999786376953,107.12999725341797,104.79000091552734,6508800.0,92.23201751708984
2011-09-09,105.81999969482422,102.22000122070312,104.37999725341797,102.25,8613700.0,89.99640655517578
2011-09-12,103.0,99.77999877929688,100.79000091552734,102.91999816894531,8769600.0,90.58611297607422
2011-09-13,105.18000030517578,101.5,103.41000366210938,104.08999633789062,7119200.0,91.61589050292969
2011-09-14,105.87999725341797,103.52999877929688,104.91000366210938,104.54000091552734,6602200.0,92.01197814941406
2011-09-15,108.19000244140625,105.0999984741211,105.16999816894531,107.97000122070312,6354500.0,95.03092193603516
2011-09-16,109.66000366210938,105.91000366210938,109.06999969482422,107.48999786376953,7999300.0,94.60845947265625
2011-09-19,105.5999984741211,103.25,105.31999969482422,104.80999755859375,5821600.0,92.24959564208984
2011-09-20,105.2699966430664,102.52999877929688,105.0,102.61000061035156,4978100.0,90.3132553100586
2011-09-21,102.83000183105469,97.72000122070312,102.80999755859375,97.86000061035156,8586100.0,86.13248443603516
2011-09-22,96.02999877929688,91.4000015258789,95.95999908447266,93.9800033569336,12381300.0,82.71749114990234
2011-09-23,96.5199966430664,92.80000305175781,92.83999633789062,95.18000030517578,17489100.0,83.77365112304688
2011-09-26,99.7300033569336,95.0,96.19000244140625,99.13999938964844,7038600.0,87.25907897949219
2011-09-27,104.08000183105469,98.77999877929688,101.19999694824219,99.55000305175781,8583800.0,87.61997985839844
2011-09-28,100.80999755859375,96.20999908447266,99.9800033569336,96.31999969482422,5676800.0,84.77706146240234
2011-09-29,99.9800033569336,97.19999694824219,98.6500015258789,99.87000274658203,5949200.0,87.90160369873047
2011-09-30,98.4000015258789,94.45999908447266,98.27999877929688,94.55000305175781,5780200.0,83.21915435791016
2011-10-03,95.72000122070312,89.87999725341797,93.73999786376953,90.08000183105469,7745200.0,79.28486633300781
2011-10-04,95.22000122070312,84.2699966430664,88.31999969482422,94.58000183105469,12000000.0,83.24557495117188
2011-10-05,95.54000091552734,90.81999969482422,93.87000274658203,94.29000091552734,8455400.0,82.99032592773438
2011-10-06,98.0,91.76000213623047,94.0,97.93000030517578,7604000.0,86.19412231445312
2011-10-07,98.06999969482422,92.25,98.06999969482422,92.69000244140625,7636900.0,81.58209228515625
2011-10-10,96.38999938964844,93.94999694824219,94.91999816894531,96.13999938964844,6123500.0,84.61861419677734
2011-10-11,98.80999755859375,94.0,94.55999755859375,96.69999694824219,7065300.0,85.11151885986328
2011-10-12,101.12999725341797,96.38999938964844,98.19999694824219,99.11000061035156,8237900.0,87.23268127441406
2011-10-13,98.0199966430664,94.5199966430664,97.87000274658203,96.1500015258789,6571500.0,84.62741088867188
2011-10-14,97.83999633789062,94.6500015258789,96.79000091552734,96.7300033569336,5557400.0,85.137939453125
2011-10-17,97.88999938964844,95.16999816894531,95.51000213623047,96.9000015258789,7227800.0,85.28754425048828
2011-10-18,103.73999786376953,96.55000305175781,98.19000244140625,102.25,16777200.0,89.99640655517578
2011-10-19,104.94000244140625,100.31999969482422,101.55000305175781,100.79000091552734,9959400.0,88.71136474609375
2011-10-20,102.16999816894531,98.27999877929688,101.69000244140625,100.86000061035156,7351200.0,88.7729721069336
2011-10-21,103.05999755859375,100.58999633789062,101.73999786376953,102.08999633789062,5854800.0,89.85558319091797
2011-10-24,104.7300033569336,102.58000183105469,102.6500015258789,103.9800033569336,5616600.0,91.51907348632812
2011-10-25,103.16999816894531,100.08000183105469,103.05000305175781,100.44000244140625,5150100.0,88.40328979492188
2011-10-26,106.73999786376953,101.36000061035156,101.9000015258789,106.33000183105469,11751700.0,93.58744049072266
2011-10-27,117.52999877929688,110.0,110.33000183105469,116.4000015258789,16477900.0,102.45066833496094
2011-10-28,118.06999969482422,114.0,114.33999633789062,115.86000061035156,8249500.0,101.97538757324219
2011-10-31,113.88999938964844,109.4800033569336,112.79000091552734,109.55000305175781,8071700.0,96.42158508300781
2011-11-01,107.0999984741211,102.70999908447266,103.48999786376953,103.54000091552734,10225400.0,91.13180541992188
2011-11-02,107.25,104.75,106.44999694824219,106.12999725341797,5602800.0,93.41142272949219
2011-11-03,108.70999908447266,102.08999633789062,108.02999877929688,107.68000030517578,8295100.0,94.77566528320312
2011-11-04,106.56999969482422,103.80999755859375,106.33000183105469,105.04000091552734,6074600.0,92.45204162597656
2011-11-07,106.1500015258789,103.75,104.94999694824219,105.56999969482422,4696900.0,92.91852569580078
2011-11-08,109.26000213623047,106.19999694824219,106.41000366210938,108.58000183105469,6138600.0,95.56784057617188
2011-11-09,105.0,98.83000183105469,104.98999786376953,99.66999816894531,10596500.0,87.72560119628906
2011-11-10,101.94000244140625,98.13999938964844,101.87000274658203,99.5,8536500.0,87.57595825195312
2011-11-11,102.19999694824219,100.26000213623047,100.88999938964844,101.66000366210938,4770400.0,89.47711181640625
2011-11-14,100.61000061035156,98.37999725341797,100.5199966430664,99.29000091552734,4826400.0,87.39112854003906
2011-11-15,101.0199966430664,98.05999755859375,98.30000305175781,99.75,5664100.0,87.79600524902344
2011-11-16,98.98999786376953,95.25,98.87000274658203,95.5999984741211,8889900.0,84.14332580566406
2011-11-17,96.44000244140625,91.81999969482422,95.98999786376953,92.3499984741211,8994900.0,81.28282165527344
2011-11-18,93.38999938964844,91.30999755859375,92.47000122070312,91.91000366210938,6228700.0,80.89554595947266
2011-11-21,92.29000091552734,88.9000015258789,90.18000030517578,91.30000305175781,7802900.0,80.35863494873047
2011-11-22,91.80000305175781,88.61000061035156,90.70999908447266,89.4000015258789,7087400.0,78.68636322021484
2011-11-23,89.27999877929688,87.5999984741211,88.9800033569336,87.88999938964844,6608600.0,77.35729217529297
2011-11-25,91.44000244140625,87.73999786376953,88.05999755859375,88.75,3675000.0,78.11421966552734
2011-11-28,93.75,89.37000274658203,92.72000122070312,90.77999877929688,8730600.0,79.90095520019531
2011-11-29,91.29000091552734,88.6500015258789,90.3499984741211,88.80999755859375,5877300.0,78.46956634521484
2011-11-30,96.01000213623047,91.37000274658203,92.4000015258789,95.86000061035156,10871200.0,84.69872283935547
2011-12-01,95.62000274658203,93.19999694824219,94.58000183105469,94.43000030517578,6036600.0,83.43521881103516
2011-12-02,102.41999816894531,95.52999877929688,95.52999877929688,97.25,15122900.0,85.92689514160156
2011-12-05,102.19000244140625,99.05000305175781,99.55999755859375,99.81999969482422,8527400.0,88.19766235351562
2011-12-06,102.0999984741211,99.0,99.63999938964844,101.16000366210938,6401800.0,89.38163757324219
2011-12-07,106.0999984741211,99.05000305175781,100.2699966430664,105.12999725341797,10620400.0,92.88938903808594
2011-12-08,104.69000244140625,99.37999725341797,103.68000030517578,99.91999816894531,9218200.0,88.28600311279297
2011-12-09,103.58000183105469,100.79000091552734,101.12000274658203,101.44999694824219,7014600.0,89.63787841796875
2011-12-12,99.44999694824219,97.5199966430664,99.33999633789062,98.02999877929688,6133300.0,86.6160888671875
2011-12-13,99.94000244140625,93.3499984741211,99.19000244140625,95.04000091552734,10105700.0,83.97419738769531
2011-12-14,95.70999908447266,92.44999694824219,93.77999877929688,93.25,8376300.0,82.39262390136719
2011-12-15,95.0999984741211,91.9000015258789,94.73999786376953,91.9000015258789,8163200.0,81.19978332519531
2011-12-16,93.58999633789062,89.9000015258789,92.70999908447266,90.0999984741211,10053500.0,79.60935974121094
2011-12-19,90.91999816894531,86.9000015258789,90.62000274658203,87.69999694824219,9545300.0,77.48880767822266
2011-12-20,91.5,88.1500015258789,89.81999969482422,90.9800033569336,8610800.0,80.38691711425781
2011-12-21,92.20999908447266,89.27999877929688,91.04000091552734,92.0,6422500.0,81.28816223144531
2011-12-22,94.94999694824219,91.79000091552734,92.12000274658203,94.41999816894531,8280500.0,83.4263687133789
2011-12-23,95.0,92.7300033569336,94.80000305175781,93.79000091552734,3919500.0,82.86975860595703
2011-12-27,93.83999633789062,91.83000183105469,93.5,91.9000015258789,3672000.0,81.19978332519531
2011-12-28,92.44000244140625,90.04000091552734,91.66000366210938,90.12000274658203,3917400.0,79.62706756591797
2011-12-29,91.43000030517578,90.25,90.58999633789062,91.01000213623047,4290500.0,80.41340637207031
2011-12-30,91.13999938964844,90.13999938964844,90.52999877929688,90.43000030517578,4182800.0,79.90095520019531
2012-01-03,96.43000030517578,92.83000183105469,92.97000122070312,95.36000061035156,8645200.0,84.25694274902344
2012-01-04,95.12999725341797,93.68000030517578,94.7300033569336,94.73999786376953,7406200.0,83.70915222167969
2012-01-05,95.80000305175781,92.5,93.94999694824219,94.58000183105469,8131300.0,83.56777954101562
2012-01-06,93.95999908447266,92.41999816894531,93.80000305175781,93.41999816894531,5940900.0,82.54283142089844
2012-01-09,95.11000061035156,92.95999908447266,93.48999786376953,94.69000244140625,5018200.0,83.66496276855469
2012-01-10,99.4800033569336,97.04000091552734,97.36000061035156,98.33000183105469,7682700.0,86.88113403320312
2012-01-11,100.62000274658203,97.5,97.94000244140625,99.76000213623047,7223000.0,88.14464569091797
2012-01-12,101.44999694824219,98.26000213623047,100.55999755859375,101.20999908447266,6858700.0,89.42581176757812
2012-01-13,99.43000030517578,97.0,98.0,98.95999908447266,7615800.0,87.4377670288086
2012-01-17,101.83999633789062,96.94999694824219,98.62000274658203,97.68000030517578,8041500.0,86.30683135986328
2012-01-18,105.83000183105469,97.80000305175781,99.0,104.30999755859375,17960300.0,92.16485595703125
2012-01-19,108.30000305175781,104.87999725341797,106.25,107.68000030517578,11480900.0,95.14248657226562
2012-01-20,109.43000030517578,106.5999984741211,107.31999969482422,108.73999786376953,8439700.0,96.07904815673828
2012-01-23,110.9000015258789,107.5199966430664,108.48999786376953,108.19000244140625,7091800.0,95.5931167602539
2012-01-24,109.0999984741211,106.25,106.79000091552734,108.87000274658203,4543900.0,96.19392395019531
2012-01-25,108.94999694824219,105.93000030517578,106.2300033569336,108.2699966430664,7927600.0,95.66378021240234
2012-01-26,110.30000305175781,108.02999877929688,108.61000061035156,108.55999755859375,6909600.0,95.92002868652344
2012-01-27,112.19999694824219,107.62000274658203,107.7699966430664,111.7699966430664,8403600.0,98.75625610351562
2012-01-30,110.41999816894531,108.7699966430664,110.37000274658203,109.7300033569336,6356900.0,96.95378875732422
2012-01-31,112.5,109.16000366210938,110.69000244140625,111.47000122070312,8028400.0,98.4912109375
2012-02-01,116.6500015258789,111.61000061035156,112.61000061035156,113.44999694824219,11333000.0,100.24066162109375
2012-02-02,115.41000366210938,112.70999908447266,114.33999633789062,113.38999938964844,6624200.0,100.18766784667969
2012-02-03,117.56999969482422,115.4000015258789,115.61000061035156,117.52999877929688,7454500.0,103.84564208984375
2012-02-06,117.5999984741211,116.33000183105469,116.38999938964844,117.38999938964844,3421900.0,103.721923828125
2012-02-07,116.9800033569336,115.30999755859375,116.7699966430664,115.9800033569336,5727300.0,102.47605895996094
2012-02-08,117.04000091552734,114.54000091552734,116.61000061035156,116.1500015258789,4958200.0,102.62630462646484
2012-02-09,117.38999938964844,115.05000305175781,117.19000244140625,115.87999725341797,4769800.0,102.38775634765625
2012-02-10,115.66000366210938,113.26000213623047,114.5199966430664,114.12000274658203,5849400.0,100.83267211914062
2012-02-13,116.06999969482422,113.9800033569336,115.86000061035156,114.52999877929688,3990000.0,101.19491577148438
2012-02-14,113.8499984741211,111.4000015258789,113.66000366210938,112.87000274658203,4870300.0,99.72820281982422
2012-02-15,115.25,112.91000366210938,113.27999877929688,113.16999816894531,6111800.0,99.99325561523438
2012-02-16,114.9800033569336,111.62000274658203,112.44999694824219,114.73999786376953,6372400.0,101.38045501708984
2012-02-17,116.6500015258789,114.83000183105469,115.45999908447266,115.91000366210938,5182300.0,102.41423797607422
2012-02-21,117.91000366210938,115.93000030517578,116.22000122070312,116.62999725341797,5320400.0,103.0504150390625
2012-02-22,117.13999938964844,114.29000091552734,116.22000122070312,114.36000061035156,4508500.0,101.04473114013672
2012-02-23,115.81999969482422,113.22000122070312,114.62000274658203,115.80000305175781,5609600.0,102.3170394897461
2012-02-24,116.97000122070312,115.11000061035156,116.31999969482422,115.87000274658203,4877500.0,102.37891387939453
2012-02-27,116.6500015258789,113.94000244140625,114.5199966430664,116.2300033569336,4370200.0,102.69699096679688
2012-02-28,118.66000366210938,115.25,116.0,117.11000061035156,6448200.0,103.78704833984375
2012-02-29,118.12999725341797,115.13999938964844,116.51000213623047,115.13999938964844,6650700.0,102.04114532470703
2012-03-01,121.23999786376953,115.83999633789062,115.97000122070312,121.12999725341797,10485800.0,107.34973907470703
2012-03-02,122.18000030517578,119.86000061035156,121.41000366210938,119.95999908447266,7044100.0,106.3128433227539
2012-03-05,119.94999694824219,117.51000213623047,119.5999984741211,118.62999725341797,5612700.0,105.1341323852539
2012-03-06,116.23999786376953,113.11000061035156,116.12000274658203,113.66999816894531,8161100.0,100.73839569091797
2012-03-07,116.7300033569336,114.29000091552734,114.66000366210938,116.4000015258789,5595000.0,103.1578369140625
2012-03-08,118.68000030517578,116.08000183105469,117.7300033569336,117.16999816894531,4784100.0,103.84021759033203
2012-03-09,118.48999786376953,116.23999786376953,117.62000274658203,117.29000091552734,5000600.0,103.94657897949219
2012-03-12,117.87000274658203,116.27999877929688,117.69999694824219,116.98999786376953,4060000.0,103.68070220947266
2012-03-13,124.8499984741211,118.4000015258789,118.4000015258789,124.54000091552734,11884700.0,110.37178039550781
2012-03-14,124.87000274658203,119.81999969482422,124.5199966430664,120.37000274658203,14837200.0,106.67620086669922
2012-03-15,123.55000305175781,120.12000274658203,121.7300033569336,123.05999755859375,7245600.0,109.06014251708984
2012-03-16,123.5,121.05999755859375,123.0999984741211,122.93000030517578,7425700.0,108.94495391845703
2012-03-19,126.0,122.19999694824219,122.93000030517578,124.30000305175781,8020700.0,110.15911102294922
2012-03-20,127.86000061035156,123.26000213623047,123.48999786376953,126.0199966430664,8247000.0,111.68340301513672
2012-03-21,127.51000213623047,124.51000213623047,126.68000030517578,125.98999786376953,4820500.0,111.65682220458984
2012-03-22,125.56999969482422,124.08999633789062,124.79000091552734,124.73999786376953,5028400.0,110.54901885986328
2012-03-23,126.80000305175781,124.51000213623047,125.86000061035156,126.18000030517578,5160600.0,111.82522583007812
2012-03-26,128.2100067138672,126.44000244140625,127.26000213623047,128.07000732421875,4444000.0,113.50022888183594
2012-03-27,128.72000122070312,126.19999694824219,128.58999633789062,126.33000183105469,5447000.0,111.95814514160156
2012-03-28,127.23999786376953,124.08999633789062,126.0999984741211,126.36000061035156,5187900.0,111.98474884033203
2012-03-29,126.5999984741211,122.88999938964844,125.66000366210938,123.76000213623047,5538800.0,109.68053436279297
2012-03-30,125.47000122070312,122.93000030517578,124.69000244140625,124.37000274658203,4651400.0,110.22113037109375
2012-04-02,125.54000091552734,123.37999725341797,124.13999938964844,124.9000015258789,4084700.0,110.69082641601562
2012-04-03,124.43000030517578,121.69999694824219,124.31999969482422,122.70999908447266,5594800.0,108.74996948242188
2012-04-04,121.62999725341797,119.86000061035156,120.81999969482422,119.95999908447266,5633800.0,106.3128433227539
2012-04-05,120.58999633789062,117.62999725341797,119.44999694824219,118.0,6103700.0,104.5758056640625
2012-04-09,117.98999786376953,115.66999816894531,116.05999755859375,117.0199966430664,4043300.0,103.70730590820312
2012-04-10,118.22000122070312,114.44999694824219,117.27999877929688,114.55999755859375,5770400.0,101.52716827392578
2012-04-11,117.0199966430664,115.55999755859375,116.37000274658203,115.93000030517578,4177500.0,102.74130249023438
2012-04-12,120.41000366210938,116.0,116.56999969482422,120.38999938964844,5514600.0,106.69392395019531
2012-04-13,120.08999633789062,114.88999938964844,119.98999786376953,115.08999633789062,6368200.0,101.99688720703125
2012-04-16,118.41000366210938,114.95999908447266,117.12000274658203,117.7300033569336,7137600.0,104.33651733398438
2012-04-17,119.7699966430664,116.23999786376953,119.37000274658203,116.86000061035156,12894400.0,103.56551361083984
2012-04-18,116.79000091552734,114.2300033569336,114.76000213623047,115.33000183105469,6637400.0,102.20954895019531
2012-04-19,115.4800033569336,112.47000122070312,115.0999984741211,113.5999984741211,9240300.0,100.67638397216797
2012-04-20,114.16999816894531,112.31999969482422,113.91000366210938,112.44000244140625,5369600.0,99.64834594726562
2012-04-23,111.94000244140625,110.06999969482422,110.5199966430664,111.75,7047600.0,99.03684997558594
2012-04-24,114.25,111.04000091552734,111.55999755859375,114.11000061035156,4701900.0,101.12837219238281
2012-04-25,115.11000061035156,112.72000122070312,115.11000061035156,113.9800033569336,5080600.0,101.01314544677734
2012-04-26,115.55000305175781,113.08000183105469,113.43000030517578,114.55999755859375,4587600.0,101.52716827392578
2012-04-27,114.98999786376953,113.33999633789062,114.2300033569336,114.41000366210938,4008400.0,101.39423370361328
2012-04-30,115.30000305175781,113.61000061035156,114.19000244140625,115.1500015258789,4240300.0,102.050048828125
2012-05-01,116.4800033569336,114.1500015258789,114.83999633789062,115.33000183105469,4308600.0,102.20954895019531
2012-05-02,114.47000122070312,112.7699966430664,114.0999984741211,113.7699966430664,3956400.0,100.8270263671875
2012-05-03,114.27999877929688,110.80999755859375,113.9800033569336,111.52999877929688,4854800.0,98.84185028076172
2012-05-04,110.9000015258789,108.80000305175781,110.77999877929688,108.98999786376953,5500100.0,96.5908432006836
2012-05-07,110.86000061035156,108.29000091552734,108.52999877929688,110.04000091552734,3267400.0,97.52139282226562
2012-05-08,110.19000244140625,107.7699966430664,108.98999786376953,109.37000274658203,4065900.0,96.9275894165039
2012-05-09,108.63999938964844,106.66000366210938,107.30000305175781,107.29000091552734,4777100.0,95.08421325683594
2012-05-10,109.36000061035156,106.12000274658203,108.55999755859375,106.31999969482422,4694200.0,94.22457885742188
2012-05-11,103.79000091552734,101.58999633789062,103.41999816894531,102.12999725341797,10631800.0,90.5112533569336
2012-05-14,101.06999969482422,99.31999969482422,100.86000061035156,99.7699966430664,10075600.0,88.41973114013672
2012-05-15,101.7699966430664,99.77999877929688,100.13999938964844,99.87000274658203,5656700.0,88.50835418701172
2012-05-16,102.13999938964844,98.19999694824219,100.55000305175781,98.19999694824219,5797200.0,87.0283432006836
2012-05-17,99.94000244140625,97.08000183105469,98.56999969482422,97.08000183105469,6375200.0,86.0357666015625
2012-05-18,97.9000015258789,95.0,97.52999877929688,95.48999786376953,7184700.0,84.62664031982422
2012-05-21,97.55000305175781,94.0,94.80000305175781,96.51000213623047,5314700.0,85.53057861328125
2012-05-22,99.94999694824219,96.58999633789062,96.87999725341797,97.52999877929688,5839700.0,86.43456268310547
2012-05-23,98.51000213623047,95.51000213623047,96.75,98.04000091552734,5469700.0,86.88655090332031
2012-05-24,98.5,95.83999633789062,98.31999969482422,96.86000061035156,5177300.0,85.84078979492188
2012-05-25,97.77999877929688,96.51000213623047,96.54000091552734,96.69999694824219,3096000.0,85.69900512695312
2012-05-29,97.87999725341797,95.37999725341797,97.01000213623047,97.86000061035156,4528000.0,87.14154815673828
2012-05-30,96.9000015258789,94.41000366210938,96.68000030517578,94.61000061035156,5713200.0,84.24749755859375
2012-05-31,96.6500015258789,93.69999694824219,94.9000015258789,95.69999694824219,4833000.0,85.2181396484375
2012-06-01,94.19999694824219,92.19000244140625,94.06999969482422,92.63999938964844,5384700.0,82.49329376220703
2012-06-04,93.0199966430664,90.55000305175781,92.76000213623047,91.0,5332600.0,81.03292083740234
2012-06-05,93.0,90.70999908447266,90.95999908447266,92.20999908447266,4682900.0,82.11038970947266
2012-06-06,95.06999969482422,92.9000015258789,93.04000091552734,94.95999908447266,6399600.0,84.55919647216797
2012-06-07,97.5,93.29000091552734,96.63999938964844,94.0,6068400.0,83.7043228149414
2012-06-08,94.83999633789062,92.88999938964844,93.62999725341797,94.54000091552734,3366700.0,84.18521118164062
2012-06-11,96.76000213623047,92.66000366210938,96.01000213623047,92.80000305175781,4941700.0,82.6357650756836
2012-06-12,94.04000091552734,92.5199966430664,92.91000366210938,94.04000091552734,3668500.0,83.73993682861328
2012-06-13,94.41999816894531,92.2699966430664,93.31999969482422,92.72000122070312,4694700.0,82.56452941894531
2012-06-14,94.29000091552734,92.51000213623047,92.94000244140625,93.81999969482422,4461000.0,83.5440444946289
2012-06-15,95.7699966430664,92.75,93.68000030517578,95.66000366210938,6186200.0,85.18251037597656
2012-06-18,95.2699966430664,93.31999969482422,95.23999786376953,93.62999725341797,4081400.0,83.3748550415039
2012-06-19,97.47000122070312,94.1500015258789,94.30000305175781,96.37000274658203,5295200.0,85.81475067138672
2012-06-20,97.5999984741211,95.37000274658203,97.01000213623047,96.55000305175781,4941300.0,85.97503662109375
2012-06-21,96.87000274658203,93.87000274658203,96.80000305175781,93.9000015258789,5577700.0,83.61528778076172
2012-06-22,95.31999969482422,93.16000366210938,95.31999969482422,93.62999725341797,6720200.0,83.3748550415039
2012-06-25,92.4000015258789,90.66000366210938,92.36000061035156,91.22000122070312,4211300.0,81.22883605957031
2012-06-26,91.83000183105469,90.43000030517578,91.48999786376953,91.02999877929688,4248000.0,81.05963134765625
2012-06-27,93.79000091552734,91.0199966430664,91.19000244140625,93.2699966430664,3576100.0,83.0542984008789
2012-06-28,93.5199966430664,91.33000183105469,92.08999633789062,93.48999786376953,4413500.0,83.25020599365234
2012-06-29,96.18000030517578,94.5199966430664,96.01000213623047,95.86000061035156,6245300.0,85.36063385009766
2012-07-02,97.30000305175781,95.58999633789062,96.55999755859375,97.12999725341797,3515900.0,86.49148559570312
2012-07-03,98.7699966430664,96.62999725341797,97.12999725341797,98.5999984741211,2251100.0,87.8005142211914
2012-07-05,98.20999908447266,95.88999938964844,98.20999908447266,95.91999816894531,3736900.0,85.41402435302734
2012-07-06,96.0,94.5,94.63999938964844,95.47000122070312,3312800.0,85.0133285522461
2012-07-09,95.3499984741211,93.66999816894531,94.83999633789062,94.47000122070312,4121300.0,84.12287902832031
2012-07-10,95.30000305175781,93.1500015258789,94.86000061035156,94.25,3668600.0,83.92694091796875
2012-07-11,95.47000122070312,93.75,93.87999725341797,95.12999725341797,4516400.0,84.71058654785156
2012-07-12,94.73999786376953,93.2300033569336,94.33999633789062,94.0199966430664,3187000.0,83.72212982177734
2012-07-13,97.86000061035156,94.80000305175781,94.91999816894531,97.43000030517578,4592400.0,86.75865173339844
2012-07-16,98.1500015258789,95.95999908447266,97.7300033569336,97.68000030517578,4503000.0,86.98126220703125
2012-07-17,100.48999786376953,97.18000030517578,100.23999786376953,97.9800033569336,9502200.0,87.24839782714844
2012-07-18,97.80999755859375,96.18000030517578,97.3499984741211,96.51000213623047,4443200.0,85.93940734863281
2012-07-19,96.63999938964844,94.55000305175781,96.5999984741211,95.0,6164100.0,84.59480285644531
2012-07-20,95.30000305175781,94.0999984741211,94.47000122070312,94.16000366210938,5543900.0,83.8468246459961
2012-07-23,93.41999816894531,91.1500015258789,91.94000244140625,93.16000366210938,4761200.0,82.95633697509766
2012-07-24,94.5999984741211,93.20999908447266,93.37999725341797,94.47000122070312,5301700.0,84.12287902832031
2012-07-25,96.69000244140625,94.8499984741211,95.05999755859375,95.95999908447266,4578900.0,85.44966125488281
2012-07-26,98.19999694824219,96.75,97.44000244140625,98.05999755859375,5077400.0,87.31962585449219
2012-07-27,102.05000305175781,98.12000274658203,98.41000366210938,101.63999938964844,6397200.0,90.50753021240234
2012-07-30,102.18000030517578,100.3499984741211,101.1500015258789,100.87999725341797,3659600.0,89.8307876586914
2012-07-31,101.77999877929688,100.0,100.26000213623047,100.9000015258789,3664000.0,89.84858703613281
2012-08-01,101.76000213623047,99.81999969482422,101.2699966430664,100.08999633789062,3092800.0,89.12727355957031
2012-08-02,99.02999877929688,96.72000122070312,98.5,97.80999755859375,3980200.0,87.0970458984375
2012-08-03,101.36000061035156,99.0,99.3499984741211,100.9800033569336,3283100.0,89.91981506347656
2012-08-06,102.8499984741211,100.75,101.25,102.0199966430664,2768700.0,90.84590148925781
2012-08-07,104.37999725341797,102.33000183105469,102.37999725341797,103.23999786376953,3845000.0,91.93228149414062
2012-08-08,103.30999755859375,102.16999816894531,102.5,102.5,2351100.0,91.2733383178711
2012-08-09,104.0,102.30000305175781,102.41000366210938,103.5999984741211,2850200.0,92.25285339355469
2012-08-10,103.37999725341797,102.12000274658203,103.37000274658203,103.0199966430664,3121600.0,91.73638916015625
2012-08-13,103.97000122070312,102.55000305175781,102.55000305175781,103.61000061035156,2008600.0,92.26176452636719
2012-08-14,105.62999725341797,102.91000366210938,104.1500015258789,103.26000213623047,3148200.0,91.95008850097656
2012-08-15,104.5,103.05000305175781,103.3499984741211,103.12999725341797,2452500.0,91.83434295654297
2012-08-16,103.93000030517578,102.5999984741211,103.26000213623047,103.48999786376953,2417900.0,92.15489196777344
2012-08-17,103.61000061035156,102.80000305175781,103.44999694824219,103.5999984741211,2509700.0,92.25285339355469
2012-08-20,105.5,103.13999938964844,103.31999969482422,105.27999877929688,3860800.0,93.74884033203125
2012-08-21,107.33999633789062,104.75,105.69000244140625,105.31999969482422,4459800.0,93.7844467163086
2012-08-22,106.3499984741211,103.66999816894531,104.7699966430664,104.66999816894531,4202400.0,93.20568084716797
2012-08-23,104.98999786376953,103.6500015258789,104.58999633789062,104.08000183105469,3583100.0,92.68029022216797
2012-08-24,105.22000122070312,102.2300033569336,103.55999755859375,104.95999908447266,3527100.0,93.46387481689453
2012-08-27,105.8499984741211,104.58000183105469,105.12000274658203,105.12000274658203,2466800.0,93.60639953613281
2012-08-28,105.88999938964844,104.19999694824219,104.45999908447266,105.02999877929688,2611100.0,93.93730163574219
2012-08-29,106.29000091552734,105.04000091552734,105.36000061035156,105.52999877929688,2266900.0,94.38447570800781
2012-08-30,105.19999694824219,103.94999694824219,104.73999786376953,104.72000122070312,2823700.0,93.66004943847656
2012-08-31,106.58000183105469,105.30999755859375,105.41000366210938,105.72000122070312,3264100.0,94.5544204711914
2012-09-04,107.25,105.54000091552734,105.55000305175781,106.41000366210938,3249200.0,95.1715316772461
2012-09-05,110.0,106.79000091552734,106.9000015258789,109.94000244140625,6371600.0,98.3287124633789
2012-09-06,113.77999877929688,110.01000213623047,110.61000061035156,113.54000091552734,6521500.0,101.54849243164062
2012-09-07,116.75,113.55000305175781,113.80000305175781,116.33000183105469,6137100.0,104.04385375976562
2012-09-10,116.25,114.54000091552734,116.05999755859375,114.68000030517578,4225100.0,102.568115234375
2012-09-11,117.76000213623047,115.0199966430664,115.2300033569336,116.69000244140625,3898500.0,104.3658447265625
2012-09-12,118.45999908447266,116.69000244140625,117.4000015258789,118.23999786376953,4233700.0,105.75212097167969
2012-09-13,121.05000305175781,117.68000030517578,117.98999786376953,120.66999816894531,5261600.0,107.92549133300781
2012-09-14,122.5999984741211,120.4800033569336,121.26000213623047,121.36000061035156,6187700.0,108.54261016845703
2012-09-17,121.11000061035156,119.51000213623047,120.31999969482422,119.9000015258789,3598300.0,107.23681640625
2012-09-18,120.36000061035156,118.75,119.43000030517578,119.87999725341797,3033300.0,107.21891784667969
2012-09-19,120.37000274658203,119.0199966430664,120.37000274658203,119.0199966430664,4818300.0,106.44973754882812
2012-09-20,117.81999969482422,116.23999786376953,117.63999938964844,117.62999725341797,4448100.0,105.20655822753906
2012-09-21,118.37999725341797,116.55999755859375,118.36000061035156,116.72000122070312,8188700.0,104.39266204833984
2012-09-24,117.43000030517578,114.9000015258789,116.33999633789062,116.5999984741211,3697500.0,104.28532409667969
2012-09-25,117.6500015258789,113.5,117.12999725341797,113.5,4547700.0,101.51274871826172
2012-09-26,113.63999938964844,111.9000015258789,113.22000122070312,113.08000183105469,5185100.0,101.1370849609375
2012-09-27,115.86000061035156,113.72000122070312,113.73999786376953,115.2300033569336,3898900.0,103.06002807617188
2012-09-28,115.01000213623047,113.2300033569336,115.01000213623047,113.68000030517578,3653700.0,101.6737289428711
2012-10-01,119.0199966430664,116.4000015258789,116.66999816894531,116.86000061035156,5338600.0,104.51789093017578
2012-10-02,118.23999786376953,117.08999633789062,117.55000305175781,117.25,3681300.0,104.86666870117188
2012-10-03,118.16999816894531,116.22000122070312,117.62000274658203,117.91000366210938,3036400.0,105.45699310302734
2012-10-04,120.36000061035156,117.93000030517578,118.66000366210938,119.9000015258789,3743200.0,107.23681640625
2012-10-05,121.4000015258789,118.58000183105469,120.83000183105469,119.30999755859375,3938300.0,106.7091293334961
2012-10-08,119.72000122070312,118.1500015258789,118.27999877929688,119.45999908447266,2140400.0,106.84326934814453
2012-10-09,120.73999786376953,119.0199966430664,119.38999938964844,119.62999725341797,3260600.0,106.99531555175781
2012-10-10,120.25,119.05999755859375,119.5,120.08000183105469,2829600.0,107.39779663085938
2012-10-11,122.94000244140625,120.75,120.94999694824219,121.98999786376953,4707200.0,109.10606384277344
2012-10-12,122.27999877929688,119.88999938964844,121.62000274658203,120.19999694824219,4054900.0,107.505126953125
2012-10-15,124.61000061035156,120.75,121.69999694824219,124.5,6412000.0,111.35098266601562
2012-10-16,125.97000122070312,122.3499984741211,124.2300033569336,123.22000122070312,10115900.0,110.20616912841797
2012-10-17,125.05000305175781,123.05000305175781,123.31999969482422,124.91999816894531,6712400.0,111.72661590576172
2012-10-18,126.4800033569336,123.19000244140625,123.80000305175781,125.1500015258789,5375100.0,111.9323501586914
2012-10-19,125.16999816894531,123.0199966430664,124.45999908447266,123.62000274658203,5876400.0,110.5639419555664
2012-10-22,124.36000061035156,121.91999816894531,122.0199966430664,122.7699966430664,3643000.0,109.80369567871094
2012-10-23,121.66000366210938,118.12000274658203,120.47000122070312,119.0,5818500.0,106.4318618774414
2012-10-24,121.3499984741211,119.7699966430664,119.83000183105469,119.7699966430664,3662000.0,107.12052917480469
2012-10-25,122.19000244140625,118.6500015258789,120.83000183105469,119.72000122070312,4128800.0,107.0758285522461
2012-10-26,120.37999725341797,118.37999725341797,119.23999786376953,119.44000244140625,3960900.0,106.82538604736328
2012-10-31,122.5999984741211,119.66000366210938,119.7300033569336,122.38999938964844,3679700.0,109.46383666992188
2012-11-01,124.87999725341797,122.36000061035156,122.81999969482422,124.8499984741211,3336200.0,111.66402435302734
2012-11-02,125.88999938964844,123.05999755859375,125.3499984741211,123.25,3188800.0,110.23299407958984
2012-11-05,124.45999908447266,122.11000061035156,123.19000244140625,124.08000183105469,2568700.0,110.97534942626953
2012-11-06,126.7300033569336,124.30000305175781,124.33000183105469,126.25,3986000.0,112.9161376953125
2012-11-07,123.12000274658203,117.97000122070312,122.80000305175781,117.9800033569336,7075800.0,105.51959991455078
2012-11-08,119.83999633789062,115.26000213623047,119.20999908447266,115.2699966430664,6252100.0,103.09580993652344
2012-11-09,117.8499984741211,113.83999633789062,114.70999908447266,116.1500015258789,4823100.0,103.88288879394531
2012-11-12,117.83999633789062,116.30000305175781,116.79000091552734,117.23999786376953,2453600.0,104.85774230957031
2012-11-13,118.3499984741211,115.08000183105469,115.88999938964844,116.47000122070312,3156600.0,104.16907501220703
2012-11-14,117.44999694824219,113.87999725341797,116.6500015258789,114.23999786376953,3885700.0,102.1745834350586
2012-11-15,116.36000061035156,113.91000366210938,114.51000213623047,115.44000244140625,3702900.0,103.24785614013672
2012-11-16,116.56999969482422,114.2300033569336,115.52999877929688,115.83999633789062,4515900.0,103.60559844970703
2012-11-19,119.19000244140625,117.19000244140625,117.19999694824219,118.30000305175781,3868600.0,105.8057861328125
2012-11-20,118.75,117.37000274658203,117.93000030517578,118.08999633789062,3304000.0,105.61798858642578
2012-11-21,118.2300033569336,116.83000183105469,118.18000030517578,117.69999694824219,2075200.0,105.26917266845703
2012-11-23,120.30999755859375,118.2699966430664,118.66999816894531,120.30999755859375,1977500.0,107.6034927368164
2012-11-26,120.94999694824219,118.5,119.16000366210938,120.94000244140625,3371000.0,108.16698455810547
2012-11-27,121.33999633789062,118.37999725341797,120.5,118.41000366210938,3875200.0,105.90415954589844
2012-11-28,119.33000183105469,116.56999969482422,117.25,119.33000183105469,3811200.0,107.17961120605469
2012-11-29,120.44999694824219,118.5199966430664,120.0,118.7300033569336,2980800.0,106.64067840576172
2012-11-30,119.44000244140625,117.69000244140625,117.95999908447266,117.79000091552734,4264300.0,105.79637908935547
2012-12-03,119.63999938964844,118.06999969482422,118.41999816894531,118.4000015258789,3613900.0,106.34429931640625
2012-12-04,118.38999938964844,116.19999694824219,118.12000274658203,116.58000183105469,3591600.0,104.70957946777344
2012-12-05,117.9000015258789,116.0,117.0199966430664,117.12999725341797,3283000.0,105.20358276367188
2012-12-06,117.4800033569336,116.19999694824219,117.22000122070312,117.19999694824219,2330900.0,105.2664566040039
2012-12-07,118.0,116.13999938964844,117.7699966430664,116.56999969482422,3960500.0,104.70061492919922
2012-12-10,117.16999816894531,115.62000274658203,116.61000061035156,117.01000213623047,3331900.0,105.09581756591797
2012-12-11,119.80000305175781,117.04000091552734,117.55999755859375,118.86000061035156,5696500.0,106.75745391845703
2012-12-12,119.9800033569336,118.08000183105469,119.29000091552734,118.08999633789062,5372400.0,106.06586456298828
2012-12-13,119.16000366210938,117.58999633789062,117.80999755859375,118.5,3329100.0,106.43412780761719
2012-12-14,120.06999969482422,118.30000305175781,118.44999694824219,119.36000061035156,3717200.0,107.20653533935547
2012-12-17,123.48999786376953,120.02999877929688,120.19000244140625,123.48999786376953,5476700.0,110.91600799560547
2012-12-18,128.0,124.48999786376953,124.81999969482422,127.7699966430664,8040300.0,114.76021575927734
2012-12-19,129.3000030517578,126.80999755859375,128.6699981689453,127.25,5525400.0,114.29317474365234
2012-12-20,129.72000122070312,126.62000274658203,127.3499984741211,129.72000122070312,4402500.0,116.51167297363281
2012-12-21,128.9499969482422,125.62999725341797,126.62999725341797,128.44000244140625,6393300.0,115.36198425292969
2012-12-24,128.5,127.4000015258789,127.87000274658203,127.54000091552734,1359300.0,114.55363464355469
2012-12-26,129.3000030517578,127.11000061035156,128.16000366210938,127.16000366210938,2210100.0,114.21234893798828
2012-12-27,128.3000030517578,124.56999969482422,127.55000305175781,126.66999816894531,3263500.0,113.772216796875
2012-12-28,126.62000274658203,125.33999633789062,125.7300033569336,125.5199966430664,1859200.0,112.73931121826172
2012-12-31,127.68000030517578,124.79000091552734,125.41999816894531,127.55999755859375,3623000.0,114.57157135009766
2013-01-02,131.66000366210938,129.6199951171875,131.3000030517578,131.66000366210938,4449000.0,118.25413513183594
2013-01-03,131.77999877929688,130.07000732421875,131.6999969482422,130.94000244140625,4584600.0,117.60746002197266
2013-01-04,134.63999938964844,130.32000732421875,130.92999267578125,134.50999450683594,5234600.0,120.81393432617188
2013-01-07,134.50999450683594,132.8800048828125,134.1199951171875,134.25999450683594,3556900.0,120.58935546875
2013-01-08,133.9499969482422,132.6999969482422,133.7100067138672,133.0500030517578,2760200.0,119.50260162353516
2013-01-09,134.42999267578125,133.27000427246094,133.39999389648438,134.32000732421875,3666500.0,120.64326477050781
2013-01-10,138.14999389648438,134.1300048828125,135.07000732421875,137.3699951171875,5960700.0,123.38270568847656
2013-01-11,137.1699981689453,136.1300048828125,137.02000427246094,137.1300048828125,3211700.0,123.16718292236328
2013-01-14,137.32000732421875,135.66000366210938,137.19000244140625,136.1300048828125,2855800.0,122.26897430419922
2013-01-15,137.25999450683594,135.1199951171875,135.5500030517578,135.58999633789062,4322800.0,121.78397369384766
2013-01-16,141.5800018310547,137.89999389648438,138.94000244140625,141.08999633789062,10650800.0,126.72393798828125
2013-01-17,141.9499969482422,139.6199951171875,140.88999938964844,141.00999450683594,6596000.0,126.6520767211914
2013-01-18,144.80999755859375,141.24000549316406,141.35000610351562,144.4499969482422,7349000.0,129.74183654785156
2013-01-22,146.27999877929688,143.33999633789062,144.00999450683594,145.9499969482422,5158400.0,131.089111328125
2013-01-23,145.94000244140625,144.80999755859375,145.77999877929688,145.55999755859375,3948700.0,130.73883056640625
2013-01-24,146.74000549316406,144.05999755859375,145.0,144.9600067138672,4638200.0,130.1999053955078
2013-01-25,145.27000427246094,143.3000030517578,144.17999267578125,144.4600067138672,4639400.0,129.7508544921875
2013-01-28,145.25,143.69000244140625,144.42999267578125,144.14999389648438,3045600.0,129.47238159179688
2013-01-29,147.5,143.83999633789062,144.10000610351562,147.10000610351562,4519800.0,132.1219940185547
2013-01-30,147.4199981689453,145.91000366210938,146.80999755859375,147.14999389648438,4083100.0,132.16688537597656
2013-01-31,148.0,146.25999450683594,146.25999450683594,147.86000061035156,3680900.0,132.80459594726562
2013-02-01,150.39999389648438,147.75999450683594,148.50999450683594,149.89999389648438,4563800.0,134.63690185546875
2013-02-04,148.9499969482422,146.6199951171875,148.25,147.52000427246094,4679400.0,132.49923706054688
2013-02-05,150.75,148.17999267578125,148.35000610351562,150.4499969482422,4219200.0,135.13092041015625
2013-02-06,151.13999938964844,149.1699981689453,149.75,151.1199951171875,3940600.0,135.73265075683594
2013-02-07,152.5,149.0,150.75999450683594,150.25999450683594,4890800.0,134.96022033691406
2013-02-08,151.97000122070312,150.35000610351562,150.77999877929688,151.60000610351562,3612300.0,136.16380310058594
2013-02-11,152.8699951171875,150.9600067138672,151.4199981689453,152.24000549316406,3751400.0,136.7386474609375
2013-02-12,154.32000732421875,151.7899932861328,152.47999572753906,154.11000061035156,4309000.0,138.418212890625
2013-02-13,154.85000610351562,153.27999877929688,154.11000061035156,154.52000427246094,4369100.0,138.78648376464844
2013-02-14,156.72000122070312,153.6199951171875,153.83999633789062,155.92999267578125,5035800.0,140.05291748046875
2013-02-15,156.5399932861328,154.0800018310547,156.39999389648438,154.99000549316406,4254400.0,139.20860290527344
2013-02-19,159.0,155.25,155.69000244140625,158.64999389648438,5103400.0,142.49595642089844
2013-02-20,158.5,154.55999755859375,158.22000122070312,155.17999267578125,5029700.0,139.37925720214844
2013-02-21,153.9499969482422,149.8000030517578,153.72000122070312,150.8800048828125,8318000.0,135.51707458496094
2013-02-22,154.1300048828125,152.0500030517578,152.3699951171875,154.08999633789062,4772700.0,138.40025329589844
2013-02-25,155.69000244140625,147.60000610351562,155.19000244140625,147.64999389648438,6294200.0,132.61595153808594
2013-02-26,149.4600067138672,146.7100067138672,148.11000061035156,148.0,5686600.0,133.3820037841797
2013-02-27,152.0500030517578,147.75999450683594,147.8699951171875,151.64999389648438,4695000.0,136.6715087890625
2013-02-28,152.39999389648438,149.75999450683594,151.35000610351562,149.75999450683594,4956000.0,134.96817016601562
2013-03-01,151.6999969482422,147.22000122070312,148.1199951171875,150.52999877929688,4538400.0,135.66213989257812
2013-03-04,152.47000122070312,149.7100067138672,150.00999450683594,152.17999267578125,3209200.0,137.14918518066406
2013-03-05,154.9600067138672,152.8000030517578,153.4499969482422,152.9600067138672,4589300.0,137.85218811035156
2013-03-06,155.0500030517578,152.8000030517578,154.05999755859375,154.1300048828125,3593200.0,138.90655517578125
2013-03-07,157.19000244140625,154.5,154.6999969482422,156.6199951171875,3886300.0,141.15066528320312
2013-03-08,156.22999572753906,152.00999450683594,155.88999938964844,152.97999572753906,6615000.0,137.87014770507812
2013-03-11,154.32000732421875,152.36000061035156,152.4499969482422,153.3000030517578,3586400.0,138.15858459472656
2013-03-12,153.8000030517578,150.4600067138672,153.3000030517578,151.85000610351562,3432200.0,136.85174560546875
2013-03-13,152.8699951171875,150.5800018310547,152.02999877929688,151.91000366210938,3356400.0,136.9058837890625
2013-03-14,154.33999633789062,152.16000366210938,152.27000427246094,154.02000427246094,3886600.0,138.8074493408203
2013-03-15,155.6300048828125,151.3000030517578,151.35000610351562,154.83999633789062,7301200.0,139.54644775390625
2013-03-18,153.11000061035156,150.88999938964844,152.52999877929688,151.9499969482422,3788100.0,136.94186401367188
2013-03-19,153.08999633789062,147.82000732421875,152.61000061035156,148.83999633789062,4726900.0,134.13906860351562
2013-03-20,151.47999572753906,149.25,150.02000427246094,150.1300048828125,2883800.0,135.3016815185547
2013-03-21,150.22000122070312,145.3699951171875,149.2899932861328,145.3800048828125,4704000.0,131.0207977294922
2013-03-22,147.6999969482422,145.61000061035156,146.50999450683594,146.60000610351562,3456800.0,132.1203155517578
2013-03-25,148.66000366210938,144.67999267578125,147.99000549316406,146.11000061035156,3775400.0,131.67872619628906
2013-03-26,148.33999633789062,144.8699951171875,148.2899932861328,146.5399932861328,3860400.0,132.06622314453125
2013-03-27,148.6300048828125,145.86000061035156,145.8800048828125,147.83999633789062,3964800.0,133.23782348632812
2013-03-28,149.05999755859375,147.1300048828125,148.1199951171875,147.14999389648438,3701300.0,132.61595153808594
2013-04-01,148.05999755859375,144.60000610351562,146.6699981689453,146.0399932861328,2581100.0,131.61566162109375
2013-04-02,147.49000549316406,144.77000427246094,145.27000427246094,146.67999267578125,3374100.0,132.1924285888672
2013-04-03,146.8699951171875,142.17999267578125,146.75999450683594,143.41000366210938,4373300.0,129.24545288085938
2013-04-04,144.9499969482422,142.24000549316406,143.52000427246094,142.99000549316406,3423800.0,128.8668975830078
2013-04-05,143.8000030517578,140.33999633789062,140.61000061035156,143.69000244140625,3864300.0,129.4977569580078
2013-04-08,144.1199951171875,141.83999633789062,143.8300018310547,143.82000732421875,2908700.0,129.6149139404297
2013-04-09,147.57000732421875,144.07000732421875,144.32000732421875,146.52000427246094,3262800.0,132.04824829101562
2013-04-10,149.74000549316406,147.24000549316406,147.3000030517578,149.4600067138672,3127600.0,134.69784545898438
2013-04-11,150.58999633789062,148.22000122070312,149.4600067138672,149.07000732421875,2951800.0,134.34634399414062
2013-04-12,149.60000610351562,147.00999450683594,148.39999389648438,149.1199951171875,3131400.0,134.3914337158203
2013-04-15,151.4499969482422,145.52999877929688,148.75,146.4600067138672,5554900.0,131.994140625
2013-04-16,148.42999267578125,142.13999938964844,148.1300048828125,144.10000610351562,8274400.0,129.86724853515625
2013-04-17,143.60000610351562,138.0500030517578,142.99000549316406,140.60000610351562,6361500.0,126.71292877197266
2013-04-18,140.89999389648438,137.4199981689453,140.08999633789062,138.60000610351562,4819700.0,124.91046905517578
2013-04-19,139.83999633789062,137.85000610351562,139.30999755859375,138.72000122070312,3962600.0,125.01863098144531
2013-04-22,139.85000610351562,137.2899932861328,139.00999450683594,139.52000427246094,3187100.0,125.73957061767578
2013-04-23,143.38999938964844,139.9199981689453,140.44000244140625,142.94000244140625,3698200.0,128.82180786132812
2013-04-24,144.4499969482422,142.9499969482422,143.27000427246094,143.92999267578125,2785200.0,129.71405029296875
2013-04-25,146.0500030517578,143.75,144.11000061035156,144.75999450683594,2637400.0,130.46205139160156
2013-04-26,145.41000366210938,143.07000732421875,144.5,144.11000061035156,2235200.0,129.87623596191406
2013-04-29,145.89999389648438,143.91000366210938,144.5399932861328,145.11000061035156,2715300.0,130.7774658203125
2013-04-30,146.5399932861328,144.55999755859375,145.19000244140625,146.07000732421875,2586300.0,131.64266967773438
2013-05-01,145.8300018310547,142.39999389648438,145.8300018310547,142.61000061035156,3509000.0,128.52438354492188
2013-05-02,143.6699981689453,140.38999938964844,142.67999267578125,143.6699981689453,4331900.0,129.479736328125
2013-05-03,146.83999633789062,145.05999755859375,145.30999755859375,145.3699951171875,4018800.0,131.0117950439453
2013-05-06,149.5399932861328,145.63999938964844,145.9199981689453,148.4499969482422,3740400.0,133.7875518798828
2013-05-07,149.94000244140625,147.5500030517578,149.41000366210938,149.32000732421875,3137600.0,134.57168579101562
2013-05-08,150.99000549316406,148.39999389648438,149.1300048828125,150.25999450683594,3519200.0,135.4188232421875
2013-05-09,150.86000061035156,148.25,150.10000610351562,148.5399932861328,2819500.0,133.86871337890625
2013-05-10,149.17999267578125,147.5,148.57000732421875,149.10000610351562,2632400.0,134.37339782714844
2013-05-13,150.3300018310547,147.05999755859375,147.6699981689453,149.6300048828125,2975200.0,134.85104370117188
2013-05-14,154.94000244140625,149.5,149.5,154.52000427246094,5825300.0,139.258056640625
2013-05-15,156.27999877929688,153.7899932861328,154.0399932861328,155.61000061035156,4177800.0,140.24037170410156
2013-05-16,157.49000549316406,153.9600067138672,154.72999572753906,154.47000122070312,3233800.0,139.2129669189453
2013-05-17,158.6999969482422,155.0,155.41000366210938,158.17999267578125,4177000.0,142.55654907226562
2013-05-20,160.49000549316406,157.52000427246094,157.5800018310547,158.89999389648438,4010100.0,143.2054443359375
2013-05-21,161.74000549316406,158.52999877929688,158.6699981689453,160.72999572753906,4077900.0,144.85470581054688
2013-05-22,164.47000122070312,158.52999877929688,160.61000061035156,159.33999633789062,6176200.0,143.6020050048828
2013-05-23,158.88999938964844,154.6199951171875,156.36000061035156,157.41000366210938,5619800.0,141.86257934570312
2013-05-24,158.9199981689453,155.2899932861328,155.57000732421875,158.72000122070312,3317100.0,143.04322814941406
2013-05-28,162.67999267578125,159.91000366210938,160.9199981689453,160.6999969482422,4471200.0,145.2853240966797
2013-05-29,164.1300048828125,159.41000366210938,159.74000549316406,162.8699951171875,4969100.0,147.24717712402344
2013-05-30,165.4499969482422,161.0,162.66000366210938,164.35000610351562,4336200.0,148.58522033691406
2013-05-31,165.8300018310547,162.07000732421875,163.9499969482422,162.0800018310547,4404800.0,146.53297424316406
2013-06-03,163.74000549316406,159.7899932861328,161.55999755859375,163.55999755859375,4557300.0,147.87098693847656
2013-06-04,165.74000549316406,160.5,163.4600067138672,161.67999267578125,3977300.0,146.17132568359375
2013-06-05,162.88999938964844,157.5500030517578,161.42999267578125,158.3000030517578,4138300.0,143.1155548095703
2013-06-06,159.7899932861328,156.33999633789062,158.3000030517578,159.67999267578125,3243900.0,144.36318969726562
2013-06-07,166.1699981689453,160.58999633789062,160.97000122070312,166.00999450683594,5690300.0,150.0859832763672
2013-06-10,168.1999969482422,165.2899932861328,166.6999969482422,167.49000549316406,3914200.0,151.4240264892578
2013-06-11,166.39999389648438,163.19000244140625,165.35000610351562,163.30999755859375,3858100.0,147.6449737548828
2013-06-12,164.97999572753906,161.07000732421875,164.97999572753906,161.86000061035156,3243300.0,146.3340606689453
2013-06-13,166.38999938964844,161.07000732421875,161.1999969482422,165.82000732421875,3768500.0,149.9142303466797
2013-06-14,166.11000061035156,162.91000366210938,165.74000549316406,162.9199981689453,2970600.0,147.2924041748047
2013-06-17,165.6699981689453,162.89999389648438,164.0800018310547,164.11000061035156,2628300.0,148.36822509765625
2013-06-18,164.8699951171875,163.0500030517578,164.14999389648438,164.14999389648438,2060700.0,148.40440368652344
2013-06-19,164.92999267578125,161.50999450683594,164.16000366210938,161.55999755859375,3557100.0,146.06288146972656
2013-06-20,159.99000549316406,154.83999633789062,159.14999389648438,155.41000366210938,6488600.0,140.50279235839844
2013-06-21,157.25999450683594,152.3000030517578,157.0,154.25,5390200.0,139.4540557861328
2013-06-24,152.60000610351562,148.7100067138672,151.99000549316406,150.77999877929688,4013200.0,136.31690979003906
2013-06-25,154.30999755859375,151.5500030517578,152.4499969482422,153.05999755859375,3274600.0,138.37818908691406
2013-06-26,154.55999755859375,150.75,154.47999572753906,151.66000366210938,3580400.0,137.11248779296875
2013-06-27,154.99000549316406,152.61000061035156,153.02999877929688,153.50999450683594,2654900.0,138.78500366210938
2013-06-28,152.77000427246094,151.0,152.69000244140625,151.25,3011300.0,136.74179077148438
2013-07-01,154.10000610351562,151.6999969482422,152.77999877929688,151.75,2496100.0,137.19383239746094
2013-07-02,153.19000244140625,149.89999389648438,151.16000366210938,150.9199981689453,3091600.0,136.4434356689453
2013-07-03,151.4199981689453,149.27999877929688,149.6199951171875,150.42999267578125,1267700.0,136.0004119873047
2013-07-05,153.2899932861328,151.5,152.3000030517578,153.24000549316406,2243700.0,138.54090881347656
2013-07-08,154.8000030517578,152.8800048828125,154.5800018310547,153.80999755859375,2699100.0,139.05625915527344
2013-07-09,157.44000244140625,153.1699981689453,154.99000549316406,156.94000244140625,3127100.0,141.88601684570312
2013-07-10,157.6199951171875,154.6699981689453,156.57000732421875,155.8300018310547,2430100.0,140.88250732421875
2013-07-11,159.74000549316406,156.11000061035156,158.5,157.7100067138672,2965700.0,142.58212280273438
2013-07-12,160.27999877929688,158.5500030517578,158.6199951171875,160.11000061035156,2844600.0,144.75193786621094
2013-07-15,163.38999938964844,161.16000366210938,162.8000030517578,163.0,4129900.0,147.36473083496094
2013-07-16,164.3000030517578,159.42999267578125,163.9199981689453,160.24000549316406,5972700.0,144.86944580078125
2013-07-17,161.99000549316406,159.5,159.83999633789062,161.5,3715000.0,146.00863647460938
2013-07-18,164.5800018310547,161.5,161.5800018310547,164.05999755859375,3462700.0,148.32298278808594
2013-07-19,164.85000610351562,162.5800018310547,163.75,164.36000061035156,3329700.0,148.59423828125
2013-07-22,166.3300018310547,163.8800048828125,163.9499969482422,166.25,2741100.0,150.30299377441406
2013-07-23,167.41000366210938,165.47999572753906,166.5,166.25999450683594,2545400.0,150.31202697753906
2013-07-24,166.88999938964844,164.44000244140625,166.75,165.0399932861328,2548100.0,149.20904541015625
2013-07-25,166.0,163.69000244140625,164.27999877929688,165.91000366210938,2236200.0,149.99560546875
2013-07-26,165.64999389648438,164.27000427246094,165.0500030517578,165.25999450683594,2372200.0,149.4079132080078
2013-07-29,164.8300018310547,162.02000427246094,164.6300048828125,163.1699981689453,2823600.0,147.5183868408203
2013-07-30,164.00999450683594,162.3300018310547,163.49000549316406,162.42999267578125,2553300.0,146.849365234375
2013-07-31,165.97000122070312,162.42999267578125,162.52999877929688,164.02999877929688,3700300.0,148.29592895507812
2013-08-01,167.89999389648438,164.8800048828125,165.74000549316406,167.49000549316406,3251900.0,151.4240264892578
2013-08-02,167.89999389648438,166.4600067138672,166.8300018310547,167.6199951171875,1866700.0,151.54156494140625
2013-08-05,169.69000244140625,166.44000244140625,167.27999877929688,168.32000732421875,2618400.0,152.17442321777344
2013-08-06,168.27999877929688,164.47000122070312,168.07000732421875,164.77999877929688,3598500.0,148.9739990234375
2013-08-07,164.22999572753906,162.0500030517578,164.0,163.4499969482422,2131000.0,147.7715606689453
2013-08-08,166.42999267578125,162.8300018310547,164.75,162.83999633789062,2818400.0,147.2200469970703
2013-08-09,164.10000610351562,162.02000427246094,162.39999389648438,162.1300048828125,2012000.0,146.5781707763672
2013-08-12,162.3800048828125,160.5500030517578,161.72999572753906,161.69000244140625,1982000.0,146.1803741455078
2013-08-13,164.5500030517578,160.9499969482422,161.99000549316406,163.7100067138672,2309600.0,148.0066375732422
2013-08-14,164.8000030517578,162.92999267578125,163.85000610351562,163.33999633789062,1667400.0,147.6720733642578
2013-08-15,161.97000122070312,160.07000732421875,161.91000366210938,160.75,2206900.0,145.33056640625
2013-08-16,162.2899932861328,160.02999877929688,160.27999877929688,160.66000366210938,2024300.0,145.2491455078125
2013-08-19,160.7899932861328,158.52999877929688,160.1699981689453,158.6300048828125,2228400.0,143.41390991210938
2013-08-20,160.02999877929688,157.77999877929688,158.72000122070312,159.55999755859375,2288700.0,144.2546844482422
2013-08-21,159.22999572753906,156.50999450683594,158.77999877929688,157.11000061035156,3053800.0,142.03970336914062
2013-08-22,159.66000366210938,157.1999969482422,157.80999755859375,159.41000366210938,2302700.0,144.1190948486328
2013-08-23,159.7899932861328,158.0,159.58999633789062,158.64999389648438,1495800.0,143.43202209472656
2013-08-26,160.6999969482422,157.75,158.41000366210938,157.89999389648438,1885200.0,142.75390625
2013-08-27,156.52999877929688,152.92999267578125,155.72000122070312,153.22999572753906,3672000.0,138.5319061279297
2013-08-28,154.14999389648438,151.4499969482422,153.0,152.97000122070312,2343200.0,138.74960327148438
2013-08-29,154.67999267578125,152.08999633789062,152.3699951171875,153.6300048828125,2133000.0,139.3481903076172
2013-08-30,153.97999572753906,151.3300018310547,153.77000427246094,152.1300048828125,2234000.0,137.98760986328125
2013-09-03,156.0399932861328,153.52000427246094,154.47999572753906,154.75999450683594,2464800.0,140.37313842773438
2013-09-04,157.25,154.35000610351562,154.75999450683594,155.74000549316406,2194200.0,141.2620391845703
2013-09-05,158.0500030517578,155.57000732421875,155.99000549316406,156.1699981689453,2443900.0,141.65206909179688
2013-09-06,157.7100067138672,153.4199981689453,156.97999572753906,156.66000366210938,2464000.0,142.09652709960938
2013-09-09,159.6999969482422,157.16000366210938,157.41000366210938,159.49000549316406,2150400.0,144.6634521484375
2013-09-10,165.52999877929688,162.55999755859375,162.97999572753906,165.13999938964844,5265900.0,149.7882080078125
2013-09-11,165.7899932861328,163.77999877929688,164.92999267578125,165.05999755859375,2233100.0,149.71568298339844
2013-09-12,165.30999755859375,163.07000732421875,164.83999633789062,163.35000610351562,2690000.0,148.1645965576172
2013-09-13,164.72000122070312,162.9600067138672,164.3800048828125,164.0,2231500.0,148.75418090820312
2013-09-16,168.57000732421875,165.19000244140625,166.30999755859375,167.02999877929688,3553100.0,151.50250244140625
2013-09-17,167.5800018310547,165.66000366210938,167.19000244140625,167.4199981689453,2653700.0,151.85626220703125
2013-09-18,169.08999633789062,165.63999938964844,166.5,168.05999755859375,3422400.0,152.436767578125
2013-09-19,170.0,166.8800048828125,169.69000244140625,167.77999877929688,3534700.0,152.18280029296875
2013-09-20,169.75,164.02999877929688,168.0,169.75,20410100.0,153.9696502685547
2013-09-23,168.4600067138672,164.72000122070312,168.17999267578125,165.25,4816200.0,149.88796997070312
2013-09-24,166.39999389648438,162.97000122070312,165.52000427246094,162.97000122070312,3422600.0,147.8199462890625
2013-09-25,163.69000244140625,161.16000366210938,163.25999450683594,162.30999755859375,3614600.0,147.22129821777344
2013-09-26,163.92999267578125,161.0399932861328,162.89999389648438,162.2899932861328,2711400.0,147.20314025878906
2013-09-27,160.9499969482422,159.42999267578125,160.69000244140625,159.85000610351562,3679100.0,144.989990234375
2013-09-30,159.13999938964844,156.57000732421875,157.72000122070312,158.2100067138672,2803600.0,143.50245666503906
2013-10-01,160.30999755859375,157.55999755859375,158.86000061035156,159.0,2465300.0,144.21896362304688
2013-10-02,159.5800018310547,157.52000427246094,157.69000244140625,158.6699981689453,2431000.0,143.919677734375
2013-10-03,159.16000366210938,155.4600067138672,158.6300048828125,156.85000610351562,2949500.0,142.2688751220703
2013-10-04,157.25,156.08999633789062,157.0800018310547,156.5500030517578,2984500.0,141.99676513671875
2013-10-07,156.1999969482422,154.22000122070312,155.1699981689453,154.25,2618000.0,139.9105987548828
2013-10-08,155.85000610351562,153.0,154.6199951171875,153.0500030517578,2917200.0,138.8221435546875
2013-10-09,155.32000732421875,152.8300018310547,153.55999755859375,154.44000244140625,3227500.0,140.08290100097656
2013-10-10,158.24000549316406,156.0,156.8300018310547,158.00999450683594,3639000.0,143.32101440429688
2013-10-11,160.49000549316406,157.52000427246094,158.49000549316406,160.0,3124900.0,145.12600708007812
2013-10-14,159.9199981689453,157.5,158.22000122070312,159.4600067138672,2428100.0,144.63624572753906
2013-10-15,160.0399932861328,157.50999450683594,159.80999755859375,157.6300048828125,3038000.0,142.9763641357422
2013-10-16,162.5,157.5,158.5800018310547,162.25,3649300.0,147.16683959960938
2013-10-17,159.1999969482422,155.99000549316406,156.47999572753906,158.32000732421875,7522100.0,143.60220336914062
2013-10-18,159.6999969482422,156.67999267578125,158.83999633789062,158.69000244140625,4982100.0,143.93783569335938
2013-10-21,160.64999389648438,158.25,158.6699981689453,159.77000427246094,2695400.0,144.91741943359375
2013-10-22,160.7100067138672,158.22999572753906,160.63999938964844,159.25,3239400.0,144.44577026367188
2013-10-23,158.0800018310547,156.55999755859375,158.02000427246094,157.74000549316406,2735800.0,143.07614135742188
2013-10-24,160.35000610351562,158.8300018310547,159.4499969482422,159.9600067138672,2591000.0,145.0897674560547
2013-10-25,162.24000549316406,159.91000366210938,160.0,162.08999633789062,3721000.0,147.02175903320312
2013-10-28,162.19000244140625,160.25,162.0,161.4499969482422,3341500.0,146.44125366210938
2013-10-29,163.11000061035156,161.00999450683594,162.07000732421875,162.11000061035156,3702100.0,147.0399169921875
2013-10-30,162.97000122070312,161.14999389648438,162.55999755859375,162.0500030517578,2344200.0,146.9854736328125
2013-10-31,163.35000610351562,160.86000061035156,162.08999633789062,160.86000061035156,2785000.0,145.90611267089844
2013-11-01,162.60000610351562,160.72000122070312,161.02999877929688,162.0500030517578,2738400.0,146.9854736328125
2013-11-04,163.24000549316406,161.58999633789062,162.4199981689453,163.16000366210938,1711000.0,147.9922637939453
2013-11-05,162.6300048828125,160.77999877929688,161.6699981689453,161.9499969482422,2529400.0,146.89476013183594
2013-11-06,164.3000030517578,162.3300018310547,162.52999877929688,163.52000427246094,3593700.0,148.3188018798828
2013-11-07,164.2100067138672,159.61000061035156,164.0399932861328,159.63999938964844,3490300.0,144.79953002929688
2013-11-08,163.69000244140625,159.8800048828125,160.38999938964844,163.1699981689453,3856000.0,148.00132751464844
2013-11-11,164.75,162.16000366210938,162.5,163.83999633789062,2289000.0,148.60906982421875
2013-11-12,164.3800048828125,162.1300048828125,163.10000610351562,162.88999938964844,2239600.0,147.74734497070312
2013-11-13,163.7100067138672,161.1999969482422,161.77999877929688,162.94000244140625,3398300.0,147.79273986816406
2013-11-14,163.9499969482422,162.41000366210938,163.5500030517578,163.1999969482422,3648200.0,148.02857971191406
2013-11-15,165.4199981689453,163.17999267578125,163.17999267578125,164.39999389648438,2667200.0,149.1170196533203
2013-11-18,167.64999389648438,164.1999969482422,164.74000549316406,165.67999267578125,3555000.0,150.27804565429688
2013-11-19,168.0,165.6300048828125,165.8699951171875,166.60000610351562,2691900.0,151.11245727539062
2013-11-20,167.25,164.86000061035156,166.75999450683594,165.0,2793100.0,149.66123962402344
2013-11-21,167.32000732421875,165.00999450683594,165.25,167.07000732421875,3158500.0,151.53880310058594
2013-11-22,168.24000549316406,165.52999877929688,166.77000427246094,168.10000610351562,2680500.0,152.47303771972656
2013-11-25,170.5,168.5,168.5,169.47999572753906,3101700.0,153.7247314453125
2013-11-26,170.69000244140625,168.0,169.36000061035156,168.0399932861328,2953400.0,152.4186248779297
2013-11-27,168.80999755859375,166.8699951171875,168.0500030517578,168.22000122070312,2285300.0,153.08290100097656
2013-11-29,170.3800048828125,167.69000244140625,167.88999938964844,168.94000244140625,2018700.0,153.73817443847656
2013-12-02,171.5800018310547,168.67999267578125,169.8800048828125,169.72000122070312,3121100.0,154.44793701171875
2013-12-03,170.75999450683594,167.91000366210938,169.08999633789062,168.0500030517578,3288200.0,152.92823791503906
2013-12-04,169.92999267578125,167.30999755859375,167.30999755859375,168.6999969482422,2328200.0,153.519775390625
2013-12-05,167.9600067138672,165.35000610351562,167.41000366210938,165.55999755859375,3564100.0,150.66221618652344
2013-12-06,167.9600067138672,164.77000427246094,167.5800018310547,167.2100067138672,2708500.0,152.16384887695312
2013-12-09,169.1300048828125,166.83999633789062,168.0,167.6699981689453,2589500.0,152.5824432373047
2013-12-10,172.1999969482422,167.52000427246094,167.8699951171875,169.72999572753906,4235400.0,154.45706176757812
2013-12-11,169.8300018310547,167.1300048828125,169.50999450683594,167.60000610351562,2977100.0,152.5187530517578
2013-12-12,168.9600067138672,166.52000427246094,166.58999633789062,168.3300018310547,2911900.0,153.18301391601562
2013-12-13,169.2899932861328,167.60000610351562,168.58999633789062,168.38999938964844,2490600.0,153.23764038085938
2013-12-16,171.49000549316406,169.08999633789062,169.30999755859375,170.9499969482422,2980000.0,155.5672607421875
2013-12-17,171.27000427246094,169.7100067138672,171.27000427246094,170.49000549316406,2856700.0,155.14869689941406
2013-12-18,174.9199981689453,169.99000549316406,171.0,174.83999633789062,4509600.0,159.10723876953125
2013-12-19,175.8000030517578,174.0,174.61000061035156,174.77000427246094,3094400.0,159.04351806640625
2013-12-20,175.7899932861328,173.75,174.66000366210938,175.16000366210938,3754300.0,159.39846801757812
2013-12-23,176.69000244140625,175.5,175.8800048828125,176.47000122070312,1585300.0,160.59051513671875
2013-12-24,176.67999267578125,175.44000244140625,176.6699981689453,176.16000366210938,781300.0,160.30845642089844
2013-12-26,176.75999450683594,175.17999267578125,176.60000610351562,176.4499969482422,1320100.0,160.57237243652344
2013-12-27,176.4499969482422,175.57000732421875,176.38999938964844,176.35000610351562,1716900.0,160.4813690185547
2013-12-30,177.1199951171875,175.25999450683594,176.5,175.72999572753906,1241000.0,159.91709899902344
2013-12-31,177.44000244140625,176.22000122070312,176.22000122070312,177.25999450683594,1663900.0,161.30947875976562
2014-01-02,178.3800048828125,176.36000061035156,176.9499969482422,176.88999938964844,1982100.0,160.97279357910156
2014-01-03,178.85000610351562,176.22000122070312,176.35000610351562,178.14999389648438,2147400.0,162.11941528320312
2014-01-06,181.1300048828125,178.8800048828125,179.14999389648438,179.3699951171875,2954000.0,163.22962951660156
2014-01-07,180.97999572753906,177.52000427246094,180.72999572753906,178.2899932861328,2734700.0,162.24676513671875
2014-01-08,178.89999389648438,177.25999450683594,178.5,178.44000244140625,2208600.0,162.38327026367188
2014-01-09,179.0800018310547,176.61000061035156,179.0800018310547,177.39999389648438,2149500.0,161.43687438964844
2014-01-10,178.7100067138672,177.0,177.39999389648438,178.38999938964844,2506500.0,162.33779907226562
2014-01-13,178.3000030517578,175.69000244140625,178.3000030517578,175.8800048828125,2823800.0,160.0536651611328
2014-01-14,177.5,175.7100067138672,176.25999450683594,176.60000610351562,2208800.0,160.7088623046875
2014-01-15,179.74000549316406,177.0,177.0,178.75,3540200.0,162.66542053222656
2014-01-16,178.7899932861328,174.5,178.75,175.1699981689453,4712200.0,159.4075469970703
2014-01-17,177.27999877929688,174.5,175.00999450683594,176.27999877929688,3451000.0,160.41770935058594
2014-01-21,175.58999633789062,171.33999633789062,175.10000610351562,173.1999969482422,5141200.0,157.61480712890625
2014-01-22,174.63999938964844,172.77999877929688,173.4499969482422,173.67999267578125,2476900.0,158.0515899658203
2014-01-23,172.4199981689453,169.02000427246094,172.4199981689453,170.75,3977700.0,155.38526916503906
2014-01-24,169.9600067138672,167.22000122070312,168.52999877929688,167.63999938964844,4156200.0,152.5550994873047
2014-01-27,167.60000610351562,163.42999267578125,167.0800018310547,164.69000244140625,5589600.0,149.87057495117188
2014-01-28,166.5500030517578,164.58999633789062,165.02999877929688,166.25,3170400.0,151.2902069091797
2014-01-29,166.10000610351562,163.6199951171875,163.97000122070312,163.89999389648438,3473700.0,149.15162658691406
2014-01-30,166.1699981689453,164.57000732421875,165.3300018310547,165.83999633789062,2829400.0,150.91712951660156
2014-01-31,165.97999572753906,163.3000030517578,163.8000030517578,164.1199951171875,3415500.0,149.35189819335938
2014-02-03,165.52000427246094,159.77000427246094,165.14999389648438,159.82000732421875,5079700.0,145.43881225585938
2014-02-04,162.57000732421875,159.85000610351562,160.89999389648438,161.75999450683594,3346600.0,147.20420837402344
2014-02-05,162.64999389648438,160.32000732421875,160.58999633789062,160.4199981689453,3212900.0,145.9848175048828
2014-02-06,162.0,160.10000610351562,161.16000366210938,161.75,3798000.0,147.19512939453125
2014-02-07,162.89999389648438,160.27000427246094,162.77999877929688,161.92999267578125,4879900.0,147.35894775390625
2014-02-10,161.77000427246094,160.27999877929688,161.02000427246094,161.0,4321700.0,146.5126190185547
2014-02-11,164.9600067138672,160.30999755859375,161.2100067138672,164.38999938964844,4996300.0,149.59756469726562
2014-02-12,165.22999572753906,163.22999572753906,164.5,163.5,3046600.0,148.78765869140625
2014-02-13,164.39999389648438,162.10000610351562,162.5500030517578,164.05999755859375,3119600.0,149.29727172851562
2014-02-14,164.5,162.92999267578125,163.3300018310547,163.72000122070312,3287900.0,148.98785400390625
2014-02-18,165.58999633789062,163.72000122070312,164.0399932861328,164.64999389648438,3399900.0,149.8341827392578
2014-02-19,166.17999267578125,162.97999572753906,163.91000366210938,163.25999450683594,3669700.0,148.56924438476562
2014-02-20,164.97000122070312,162.6699981689453,163.49000549316406,164.5,2631900.0,149.69764709472656
2014-02-21,165.64999389648438,164.14999389648438,164.3000030517578,164.5,2594500.0,149.69764709472656
2014-02-24,167.41000366210938,164.0800018310547,164.0800018310547,166.5399932861328,3242900.0,151.55404663085938
2014-02-25,166.3000030517578,163.16000366210938,166.11000061035156,163.47999572753906,3682300.0,148.7694854736328
2014-02-26,163.89999389648438,160.77000427246094,163.25999450683594,162.8000030517578,3978300.0,148.65074157714844
2014-02-27,165.7899932861328,162.33999633789062,162.66000366210938,165.3800048828125,3806600.0,151.00648498535156
2014-02-28,167.82000732421875,164.57000732421875,164.80999755859375,166.4499969482422,4291500.0,151.98350524902344
2014-03-03,165.30999755859375,163.66000366210938,164.22000122070312,164.74000549316406,3122900.0,150.42218017578125
2014-03-04,168.75999450683594,166.1999969482422,166.63999938964844,168.72999572753906,3400500.0,154.06533813476562
2014-03-05,172.89999389648438,168.25,168.8000030517578,171.89999389648438,4451200.0,156.95985412597656
2014-03-06,174.0,172.49000549316406,172.7100067138672,172.60000610351562,3403500.0,157.59902954101562
2014-03-07,175.58999633789062,173.11000061035156,173.97999572753906,174.25999450683594,4088900.0,159.11476135253906
2014-03-10,174.49000549316406,172.47000122070312,173.60000610351562,173.50999450683594,2179100.0,158.42994689941406
2014-03-11,173.9600067138672,169.85000610351562,173.9600067138672,169.88999938964844,3832300.0,155.1245574951172
2014-03-12,169.99000549316406,167.80999755859375,169.1300048828125,169.72000122070312,2550000.0,154.96932983398438
2014-03-13,171.24000549316406,166.57000732421875,170.47999572753906,166.6999969482422,3421400.0,152.21180725097656
2014-03-14,167.39999389648438,165.02999877929688,166.89999389648438,165.35000610351562,2762100.0,150.97914123535156
2014-03-17,168.8000030517578,166.3300018310547,166.3800048828125,166.83999633789062,3198000.0,152.33963012695312
2014-03-18,169.0,167.00999450683594,167.27000427246094,168.08999633789062,1941300.0,153.48098754882812
2014-03-19,170.16000366210938,166.8000030517578,168.49000549316406,168.17999267578125,3534100.0,153.56317138671875
2014-03-20,170.4499969482422,167.27000427246094,167.8800048828125,169.22000122070312,3950500.0,154.5127716064453
2014-03-21,170.0,166.91000366210938,169.69000244140625,166.9499969482422,4779100.0,152.4400634765625
2014-03-24,167.97999572753906,165.10000610351562,167.1300048828125,165.72000122070312,2723000.0,151.3169708251953
2014-03-25,167.4199981689453,162.8000030517578,166.58999633789062,163.25,4437500.0,149.06167602539062
2014-03-26,165.0,161.72000122070312,164.74000549316406,161.72999572753906,2590300.0,147.67373657226562
2014-03-27,163.30999755859375,160.77000427246094,161.8000030517578,162.2899932861328,3890200.0,148.18507385253906
2014-03-28,164.19000244140625,161.2899932861328,162.2100067138672,162.3000030517578,2630500.0,148.19422912597656
2014-03-31,164.13999938964844,162.22000122070312,163.22000122070312,163.85000610351562,2494300.0,149.60952758789062
2014-04-01,166.2899932861328,164.22000122070312,164.75999450683594,165.9199981689453,3325500.0,151.4995880126953
2014-04-02,167.5399932861328,165.72999572753906,165.89999389648438,167.27000427246094,2407600.0,152.7322540283203
2014-04-03,167.6699981689453,165.0,167.30999755859375,166.08999633789062,2337300.0,151.65476989746094
2014-04-04,167.0399932861328,162.85000610351562,167.00999450683594,163.24000549316406,3262500.0,149.052490234375
2014-04-07,163.1999969482422,158.44000244140625,162.9499969482422,158.55999755859375,4650800.0,144.77928161621094
2014-04-08,158.75999450683594,155.47999572753906,158.6999969482422,156.55999755859375,6839900.0,142.95306396484375
2014-04-09,159.0,156.4199981689453,157.11000061035156,158.16000366210938,4010000.0,144.41403198242188
2014-04-10,158.8800048828125,155.80999755859375,158.41000366210938,155.97999572753906,4806600.0,142.42349243164062
2014-04-11,154.49000549316406,151.64999389648438,154.4499969482422,152.72000122070312,6460700.0,139.44679260253906
2014-04-14,155.1300048828125,153.4199981689453,154.8000030517578,154.74000549316406,3053700.0,141.2912139892578
2014-04-15,156.02000427246094,153.10000610351562,155.0,154.9199981689453,3639600.0,141.4556427001953
2014-04-16,157.2899932861328,155.1199951171875,156.33999633789062,157.22000122070312,3194200.0,143.55572509765625
2014-04-17,161.44000244140625,157.35000610351562,161.02999877929688,157.44000244140625,4525200.0,143.75656127929688
2014-04-21,158.27000427246094,156.22999572753906,157.5,157.8000030517578,4551700.0,144.08534240722656
2014-04-22,160.80999755859375,157.27000427246094,157.63999938964844,160.4600067138672,4547300.0,146.51414489746094
2014-04-23,160.94000244140625,159.27999877929688,160.25999450683594,160.4499969482422,2040600.0,146.5050048828125
2014-04-24,162.11000061035156,160.58999633789062,161.0399932861328,160.85000610351562,2934200.0,146.8702392578125
2014-04-25,160.77000427246094,157.91000366210938,160.47999572753906,158.24000549316406,3302100.0,144.487060546875
2014-04-28,158.8300018310547,154.0,158.60000610351562,156.5399932861328,3897800.0,142.93484497070312
2014-04-29,158.3800048828125,156.63999938964844,157.02999877929688,158.24000549316406,2160500.0,144.487060546875
2014-04-30,160.36000061035156,158.19000244140625,158.3800048828125,159.82000732421875,2745700.0,145.9297637939453
2014-05-01,161.0,159.6999969482422,159.8000030517578,160.3699951171875,2079500.0,146.43197631835938
2014-05-02,161.83999633789062,158.57000732421875,160.4600067138672,158.8800048828125,2561500.0,145.07147216796875
2014-05-05,156.89999389648438,154.52000427246094,156.5,156.35000610351562,3015700.0,142.7613525390625
2014-05-06,155.85000610351562,154.17999267578125,155.85000610351562,154.5399932861328,3073100.0,141.10862731933594
2014-05-07,156.30999755859375,153.7100067138672,155.41000366210938,155.52000427246094,3260900.0,142.00347900390625
2014-05-08,158.22000122070312,155.1999969482422,155.75999450683594,157.39999389648438,2719600.0,143.72006225585938
2014-05-09,157.89999389648438,155.67999267578125,157.57000732421875,157.1999969482422,2637000.0,143.53744506835938
2014-05-12,159.9499969482422,157.91000366210938,157.91000366210938,159.5500030517578,2256100.0,145.68319702148438
2014-05-13,160.89999389648438,159.1300048828125,159.55999755859375,160.27999877929688,1901500.0,146.3497772216797
2014-05-14,160.88999938964844,159.27999877929688,160.1999969482422,159.4499969482422,2128700.0,145.5919189453125
2014-05-15,158.9600067138672,155.9199981689453,158.69000244140625,156.63999938964844,2769300.0,143.02613830566406
2014-05-16,156.97000122070312,154.83999633789062,155.61000061035156,156.42999267578125,2845600.0,142.83436584472656
2014-05-19,157.99000549316406,156.00999450683594,156.25,157.6699981689453,1618000.0,143.96661376953125
2014-05-20,157.91000366210938,155.61000061035156,157.47999572753906,156.35000610351562,2034900.0,142.7613525390625
2014-05-21,159.75,157.1300048828125,157.16000366210938,159.35000610351562,4226300.0,145.5006103515625
2014-05-22,160.3000030517578,158.64999389648438,158.9499969482422,159.85000610351562,1645100.0,145.95713806152344
2014-05-23,160.47999572753906,159.50999450683594,159.91000366210938,160.16000366210938,1210200.0,146.24017333984375
2014-05-27,163.42999267578125,160.5800018310547,161.1199951171875,161.77000427246094,3248800.0,147.71026611328125
2014-05-28,161.61000061035156,159.77999877929688,160.91000366210938,161.19000244140625,1855200.0,147.68283081054688
2014-05-29,162.0,159.6199951171875,161.13999938964844,160.74000549316406,1779200.0,147.2705078125
2014-05-30,160.63999938964844,159.16000366210938,160.4199981689453,159.80999755859375,2206300.0,146.4183807373047
2014-06-02,160.1999969482422,157.91000366210938,159.77999877929688,160.02999877929688,2162500.0,146.61997985839844
2014-06-03,161.92999267578125,159.27999877929688,159.85000610351562,161.8000030517578,2408600.0,148.24169921875
2014-06-04,162.72999572753906,160.86000061035156,161.44000244140625,162.38999938964844,2098400.0,148.7822265625
2014-06-05,163.42999267578125,161.55999755859375,162.72000122070312,162.5800018310547,1859600.0,148.956298828125
2014-06-06,166.25999450683594,162.89999389648438,162.89999389648438,166.19000244140625,3478100.0,152.26376342773438
2014-06-09,166.86000061035156,165.63999938964844,166.0399932861328,166.0,2377500.0,152.0897216796875
2014-06-10,167.25999450683594,165.47999572753906,165.86000061035156,166.36000061035156,1684500.0,152.4195556640625
2014-06-11,166.16000366210938,164.69000244140625,165.08999633789062,165.42999267578125,2004100.0,151.56747436523438
2014-06-12,166.64999389648438,165.02000427246094,165.75999450683594,165.9600067138672,2309900.0,152.05307006835938
2014-06-13,167.07000732421875,165.4199981689453,166.1699981689453,165.88999938964844,1761100.0,151.98890686035156
2014-06-16,166.52999877929688,164.4499969482422,165.52000427246094,165.85000610351562,1756400.0,151.95230102539062
2014-06-17,168.75,165.4499969482422,165.63999938964844,168.22000122070312,2450000.0,154.1236572265625
2014-06-18,170.10000610351562,167.2899932861328,167.88999938964844,169.86000061035156,2873200.0,155.6262664794922
2014-06-19,170.16000366210938,168.92999267578125,170.0,169.72999572753906,2306900.0,155.50717163085938
2014-06-20,171.0800018310547,169.4199981689453,170.32000732421875,169.83999633789062,4688200.0,155.60794067382812
2014-06-23,170.6199951171875,169.2100067138672,170.17999267578125,170.24000549316406,1738500.0,155.97442626953125
2014-06-24,170.5500030517578,167.9499969482422,169.5500030517578,168.22999572753906,1608000.0,154.1328582763672
2014-06-25,169.02000427246094,167.39999389648438,167.82000732421875,168.3800048828125,1601200.0,154.27027893066406
2014-06-26,168.11000061035156,166.3699951171875,167.0,168.00999450683594,2131200.0,153.93128967285156
2014-06-27,167.64999389648438,166.3699951171875,167.25,166.77999877929688,3111200.0,152.8043670654297
2014-06-30,167.91000366210938,166.3699951171875,166.8699951171875,167.44000244140625,1885200.0,153.4090576171875
2014-07-01,168.27000427246094,166.05999755859375,166.35000610351562,166.80999755859375,2947800.0,152.83187866210938
2014-07-02,167.80999755859375,166.57000732421875,167.0,166.88999938964844,1877600.0,152.9051971435547
2014-07-03,169.89999389648438,167.72000122070312,167.8300018310547,169.4600067138672,1801200.0,155.2598114013672
2014-07-07,168.97000122070312,166.89999389648438,168.97000122070312,167.77999877929688,1774000.0,153.72059631347656
2014-07-08,166.77999877929688,163.72999572753906,166.74000549316406,164.91000366210938,2422200.0,151.09107971191406
2014-07-09,165.3300018310547,163.6300048828125,165.24000549316406,164.6699981689453,1943800.0,150.87118530273438
2014-07-10,163.77999877929688,161.52999877929688,162.22000122070312,163.4199981689453,2204100.0,149.72592163085938
2014-07-11,165.13999938964844,162.3800048828125,163.02000427246094,164.8000030517578,2293300.0,150.9903106689453
2014-07-14,167.72000122070312,166.4600067138672,167.17999267578125,167.0,3007700.0,153.0059356689453
2014-07-15,170.14999389648438,167.14999389648438,169.6999969482422,169.1699981689453,4802300.0,154.9940948486328
2014-07-16,170.99000549316406,169.0,169.1999969482422,170.47000122070312,3295100.0,156.1851348876953
2014-07-17,171.60000610351562,168.9199981689453,170.2100067138672,170.13999938964844,3815500.0,155.88282775878906
2014-07-18,171.7899932861328,169.64999389648438,170.41000366210938,171.47000122070312,2558600.0,157.1013641357422
2014-07-21,172.10000610351562,170.0500030517578,170.1699981689453,171.72000122070312,2227400.0,157.33041381835938
2014-07-22,175.3800048828125,172.3800048828125,172.3800048828125,175.02000427246094,3849500.0,160.3538818359375
2014-07-23,177.22000122070312,174.6300048828125,175.2100067138672,176.82000732421875,3436100.0,162.0030975341797
2014-07-24,177.32000732421875,175.61000061035156,176.8000030517578,176.25999450683594,2012800.0,161.4899444580078
2014-07-25,176.4600067138672,174.72000122070312,175.91000366210938,175.39999389648438,2114900.0,160.7020263671875
2014-07-28,176.4600067138672,174.6699981689453,175.0,175.9499969482422,2303400.0,161.20594787597656
2014-07-29,177.11000061035156,175.4499969482422,176.1699981689453,175.5399932861328,3055600.0,160.83030700683594
2014-07-30,177.47999572753906,175.36000061035156,175.9600067138672,175.75999450683594,2345600.0,161.0318603515625
2014-07-31,175.27000427246094,172.7899932861328,174.44000244140625,172.8699951171875,3797600.0,158.384033203125
2014-08-01,172.75999450683594,169.39999389648438,172.3800048828125,170.25,3140000.0,155.9835968017578
2014-08-04,171.88999938964844,170.0500030517578,170.57000732421875,171.69000244140625,2103900.0,157.30291748046875
2014-08-05,171.77000427246094,168.88999938964844,171.3000030517578,169.4199981689453,2746200.0,155.22314453125
2014-08-06,170.85000610351562,168.02000427246094,168.14999389648438,169.74000549316406,1711700.0,155.51634216308594
2014-08-07,171.07000732421875,168.74000549316406,170.3000030517578,169.10000610351562,1920900.0,154.92999267578125
2014-08-08,172.49000549316406,168.67999267578125,169.35000610351562,172.25999450683594,2250900.0,157.8251190185547
2014-08-11,173.41000366210938,171.6199951171875,172.75,172.4600067138672,2098000.0,158.0084228515625
2014-08-12,173.11000061035156,171.3800048828125,171.77999877929688,172.3300018310547,1362900.0,157.8892822265625
2014-08-13,172.88999938964844,171.27000427246094,172.39999389648438,172.3699951171875,1708200.0,157.92593383789062
2014-08-14,173.10000610351562,171.69000244140625,172.8000030517578,172.72999572753906,1431400.0,158.25575256347656
2014-08-15,174.60000610351562,171.44000244140625,172.83999633789062,171.89999389648438,2446000.0,157.49534606933594
2014-08-18,174.6300048828125,172.6999969482422,173.25,174.5500030517578,1877700.0,159.9232635498047
2014-08-19,175.10000610351562,173.6300048828125,174.91000366210938,173.9600067138672,1916100.0,159.38272094726562
2014-08-20,174.17999267578125,172.60000610351562,173.27000427246094,174.02999877929688,1755100.0,159.44683837890625
2014-08-21,175.9199981689453,173.44000244140625,174.24000549316406,175.14999389648438,2075200.0,160.4729766845703
2014-08-22,176.97999572753906,174.8300018310547,175.35000610351562,175.47000122070312,2682000.0,160.76617431640625
2014-08-25,179.86000061035156,176.4600067138672,176.7100067138672,177.8699951171875,3063500.0,162.96502685546875
2014-08-26,179.14999389648438,177.80999755859375,178.47000122070312,177.89999389648438,3110600.0,162.99252319335938
2014-08-27,178.36000061035156,177.00999450683594,178.36000061035156,177.80999755859375,2073700.0,163.415283203125
2014-08-28,177.75,175.88999938964844,177.0500030517578,177.64999389648438,1961800.0,163.26824951171875
2014-08-29,179.5,177.85000610351562,178.32000732421875,179.11000061035156,2560600.0,164.61009216308594
2014-09-02,180.22000122070312,178.3800048828125,179.25999450683594,179.77000427246094,1986300.0,165.2166748046875
2014-09-03,182.07000732421875,179.42999267578125,180.47999572753906,179.60000610351562,2397700.0,165.0603790283203
2014-09-04,181.60000610351562,179.5500030517578,179.92999267578125,180.0800018310547,1678500.0,165.50149536132812
2014-09-05,179.91000366210938,177.8800048828125,179.5800018310547,179.75,2562800.0,165.19827270507812
2014-09-08,180.9199981689453,179.22000122070312,179.5800018310547,180.11000061035156,1746400.0,165.5290985107422
2014-09-09,178.63999938964844,176.6199951171875,177.92999267578125,177.39999389648438,2598500.0,163.0384979248047
2014-09-10,180.17999267578125,178.1199951171875,178.3300018310547,179.8699951171875,2457800.0,165.3085174560547
2014-09-11,181.44000244140625,178.5,178.77000427246094,181.0,1905300.0,166.34706115722656
2014-09-12,183.47000122070312,180.6300048828125,180.6300048828125,183.1699981689453,3358600.0,168.3413848876953
2014-09-15,184.39999389648438,182.50999450683594,182.91000366210938,183.97999572753906,2308000.0,169.0858154296875
2014-09-16,184.55999755859375,182.8000030517578,183.89999389648438,184.0399932861328,2137600.0,169.14096069335938
2014-09-17,185.77000427246094,183.4600067138672,183.82000732421875,184.82000732421875,2820300.0,169.85781860351562
2014-09-18,188.42999267578125,185.5,185.8300018310547,187.88999938964844,3566600.0,172.6792755126953
2014-09-19,188.5800018310547,185.8800048828125,188.25999450683594,186.1999969482422,5442900.0,171.12608337402344
2014-09-22,186.9499969482422,185.10000610351562,186.0,185.2899932861328,1826100.0,170.2897491455078
2014-09-23,186.86000061035156,184.57000732421875,184.57000732421875,185.08999633789062,1977600.0,170.10592651367188
2014-09-24,188.1199951171875,184.47000122070312,185.25999450683594,187.80999755859375,2834200.0,172.60577392578125
2014-09-25,187.8000030517578,183.4600067138672,187.4600067138672,184.08999633789062,3074600.0,169.18690490722656
2014-09-26,185.60000610351562,183.22000122070312,184.75,185.1199951171875,1932500.0,170.13348388671875
2014-09-29,184.55999755859375,182.1999969482422,183.11000061035156,183.8300018310547,1745400.0,168.94796752929688
2014-09-30,184.99000549316406,182.67999267578125,184.41000366210938,183.57000732421875,2037700.0,168.70899963378906
2014-10-01,183.85000610351562,180.3300018310547,183.19000244140625,180.6999969482422,4196300.0,166.07139587402344
2014-10-02,183.42999267578125,180.58999633789062,180.60000610351562,182.8800048828125,2782600.0,168.07484436035156
2014-10-03,188.5399932861328,184.57000732421875,184.61000061035156,188.07000732421875,3271400.0,172.84474182128906
2014-10-06,189.5,187.14999389648438,189.07000732421875,187.47999572753906,1934800.0,172.30245971679688
2014-10-07,186.55999755859375,183.6199951171875,186.55999755859375,183.8000030517578,2927100.0,168.92039489746094
2014-10-08,187.0,182.14999389648438,184.02999877929688,186.63999938964844,3154500.0,171.53050231933594
2014-10-09,186.1699981689453,180.75,185.82000732421875,181.27000427246094,4892900.0,166.59523010253906
2014-10-10,182.9499969482422,180.05999755859375,181.57000732421875,180.3800048828125,4405600.0,165.77723693847656
2014-10-13,183.19000244140625,178.5,181.0,178.77000427246094,3436500.0,164.29757690429688
2014-10-14,181.7899932861328,177.77000427246094,179.47999572753906,178.6999969482422,3557200.0,164.2332305908203
2014-10-15,177.9499969482422,171.52000427246094,176.49000549316406,177.24000549316406,6330500.0,162.8914337158203
2014-10-16,176.2899932861328,171.25999450683594,172.02000427246094,172.5800018310547,7797500.0,158.60870361328125
2014-10-17,177.5399932861328,175.10000610351562,175.8000030517578,176.91000366210938,4951000.0,162.58816528320312
2014-10-20,178.0,175.82000732421875,176.22000122070312,177.83999633789062,2307900.0,163.44288635253906
2014-10-21,180.36000061035156,178.36000061035156,179.22000122070312,180.17999267578125,2649500.0,165.59344482421875
2014-10-22,180.8000030517578,176.8300018310547,180.5500030517578,176.8300018310547,3088300.0,162.51467895507812
2014-10-23,181.10000610351562,178.7100067138672,178.8000030517578,180.05999755859375,3397000.0,165.48316955566406
2014-10-24,183.49000549316406,180.00999450683594,180.27000427246094,183.35000610351562,2900900.0,168.50682067871094
2014-10-27,184.16000366210938,182.30999755859375,182.86000061035156,183.91000366210938,2383700.0,169.0214385986328
2014-10-28,186.32000732421875,183.1999969482422,184.16000366210938,186.32000732421875,3027700.0,171.23635864257812
2014-10-29,187.30999755859375,185.38999938964844,186.08999633789062,186.0800018310547,3379000.0,171.01577758789062
2014-10-30,187.10000610351562,185.1699981689453,185.47999572753906,186.97000122070312,2794800.0,171.83375549316406
2014-10-31,190.0,188.1199951171875,189.24000549316406,189.99000549316406,3357000.0,174.6092529296875
2014-11-03,191.97999572753906,189.75,190.35000610351562,190.8300018310547,2298100.0,175.38124084472656
2014-11-04,190.97000122070312,188.82000732421875,190.47000122070312,190.27000427246094,2027300.0,174.8665771484375
2014-11-05,191.8699951171875,189.61000061035156,191.5800018310547,189.83999633789062,3141100.0,174.47142028808594
2014-11-06,191.44000244140625,189.77999877929688,190.3800048828125,191.0,1915400.0,175.5375213623047
2014-11-07,191.47999572753906,189.3000030517578,191.25,190.7100067138672,1981400.0,175.27098083496094
2014-11-10,191.8699951171875,190.50999450683594,190.50999450683594,191.8000030517578,1553900.0,176.272705078125
2014-11-11,192.67999267578125,190.52999877929688,191.80999755859375,191.8800048828125,1620100.0,176.34628295898438
2014-11-12,190.88999938964844,189.3300018310547,190.66000366210938,190.17999267578125,2322200.0,174.7838897705078
2014-11-13,191.19000244140625,189.1999969482422,190.83999633789062,190.24000549316406,1749600.0,174.83905029296875
2014-11-14,190.83999633789062,189.6199951171875,190.36000061035156,189.97999572753906,1691600.0,174.60008239746094
2014-11-17,191.19000244140625,189.22000122070312,189.52000427246094,189.92999267578125,1593400.0,174.55413818359375
2014-11-18,190.66000366210938,189.58999633789062,189.6199951171875,189.63999938964844,1810300.0,174.28759765625
2014-11-19,189.99000549316406,188.19000244140625,189.7100067138672,189.19000244140625,2260100.0,173.87405395507812
2014-11-20,189.86000061035156,187.5500030517578,187.82000732421875,189.75,2850000.0,174.38868713378906
2014-11-21,191.66000366210938,189.3699951171875,191.52000427246094,189.58999633789062,2367900.0,174.24166870117188
2014-11-24,190.88999938964844,189.6699981689453,190.13999938964844,190.07000732421875,2028800.0,174.68276977539062
2014-11-25,190.5,188.1999969482422,190.5,188.86000061035156,3677900.0,173.57073974609375
2014-11-26,189.9199981689453,187.72999572753906,189.9199981689453,188.52000427246094,2024000.0,173.25827026367188
2014-11-28,189.49000549316406,188.1199951171875,188.39999389648438,188.41000366210938,1195200.0,173.71005249023438
2014-12-01,188.6199951171875,185.58999633789062,188.0,188.1999969482422,2469000.0,173.5164031982422
2014-12-02,190.94000244140625,188.80999755859375,189.30999755859375,190.19000244140625,3116100.0,175.35113525390625
2014-12-03,191.82000732421875,189.3300018310547,189.75,190.9499969482422,3049600.0,176.0518798828125
2014-12-04,192.33999633789062,189.9600067138672,190.77999877929688,191.9499969482422,3123400.0,176.97386169433594
2014-12-05,196.92999267578125,192.5399932861328,192.72000122070312,195.4499969482422,3625500.0,180.20079040527344
2014-12-08,198.05999755859375,194.50999450683594,195.4499969482422,196.6199951171875,2715000.0,181.2794952392578
2014-12-09,197.22000122070312,192.89999389648438,193.69000244140625,196.88999938964844,4568400.0,181.52842712402344
2014-12-10,195.99000549316406,191.60000610351562,195.47999572753906,192.0,6506700.0,177.0199432373047
2014-12-11,194.94000244140625,192.5,193.0,193.5399932861328,3179500.0,178.43975830078125
2014-12-12,192.63999938964844,188.07000732421875,191.7100067138672,188.82000732421875,3838900.0,174.08807373046875
2014-12-15,190.80999755859375,185.41000366210938,190.24000549316406,185.5399932861328,4729100.0,171.06394958496094
2014-12-16,186.92999267578125,182.39999389648438,183.9600067138672,183.30999755859375,4181900.0,169.00794982910156
2014-12-17,186.5,183.6300048828125,184.11000061035156,185.02999877929688,5074800.0,170.59375
2014-12-18,191.66000366210938,187.80999755859375,188.0,191.61000061035156,4209600.0,176.66033935546875
2014-12-19,195.0,192.02999877929688,192.25999450683594,193.27999877929688,4798200.0,178.20008850097656
2014-12-22,194.5,192.75999450683594,193.9199981689453,194.44000244140625,3056400.0,179.26959228515625
2014-12-23,196.10000610351562,194.72999572753906,195.33999633789062,195.5,2346100.0,180.24685668945312
2014-12-24,196.75,195.00999450683594,196.61000061035156,195.88999938964844,694200.0,180.60643005371094
2014-12-26,196.49000549316406,195.39999389648438,196.08999633789062,195.4499969482422,1016300.0,180.20079040527344
2014-12-29,196.9600067138672,194.82000732421875,195.57000732421875,196.19000244140625,1219900.0,180.883056640625
2014-12-30,196.5,194.5800018310547,195.5,195.7100067138672,1136200.0,180.44046020507812
2014-12-31,196.8300018310547,193.77000427246094,196.64999389648438,193.8300018310547,1566800.0,178.70716857910156
2015-01-02,195.72999572753906,192.6999969482422,195.3000030517578,194.41000366210938,1877700.0,179.24192810058594
2015-01-05,194.0399932861328,187.47999572753906,193.05999755859375,188.33999633789062,3413200.0,173.64549255371094
2015-01-06,188.66000366210938,183.92999267578125,188.3000030517578,184.52999877929688,3429200.0,170.1327667236328
2015-01-07,187.99000549316406,185.77000427246094,186.85000610351562,187.27999877929688,1896800.0,172.6681671142578
2015-01-08,190.82000732421875,189.25,189.35000610351562,190.27000427246094,1962500.0,175.4249267578125
2015-01-09,191.30999755859375,186.9600067138672,190.47999572753906,187.35000610351562,1980700.0,172.73275756835938
2015-01-12,187.52999877929688,184.11000061035156,187.36000061035156,185.07000732421875,2084200.0,170.630615234375
2015-01-13,189.3800048828125,183.3699951171875,186.5800018310547,184.92999267578125,2745300.0,170.5015411376953
2015-01-14,182.50999450683594,178.10000610351562,181.17999267578125,180.22999572753906,5204700.0,166.16822814941406
2015-01-15,181.60000610351562,177.5,180.17999267578125,178.49000549316406,3146000.0,164.56402587890625
2015-01-16,180.10000610351562,174.05999755859375,176.72999572753906,177.22999572753906,5124100.0,163.40232849121094
2015-01-20,178.3300018310547,174.22999572753906,177.57000732421875,175.6300048828125,3606600.0,161.92715454101562
2015-01-21,178.38999938964844,172.82000732421875,174.5500030517578,177.14999389648438,3737000.0,163.3285369873047
2015-01-22,182.58999633789062,177.25,178.80999755859375,182.0399932861328,6228200.0,167.8370819091797
2015-01-23,182.97999572753906,180.4199981689453,181.42999267578125,180.49000549316406,3123800.0,166.4080047607422
2015-01-26,180.99000549316406,178.05999755859375,178.72000122070312,180.4199981689453,2736500.0,166.34341430664062
2015-01-27,178.63999938964844,176.3000030517578,177.24000549316406,176.49000549316406,3335600.0,162.72006225585938
2015-01-28,177.97000122070312,172.97000122070312,177.72999572753906,173.0500030517578,3017300.0,159.54843139648438
2015-01-29,176.3000030517578,173.07000732421875,173.17999267578125,175.99000549316406,2421400.0,162.2590789794922
2015-01-30,175.69000244140625,172.32000732421875,174.1300048828125,172.41000366210938,3037400.0,158.95838928222656
2015-02-02,175.60000610351562,172.25999450683594,172.99000549316406,175.49000549316406,2975300.0,161.798095703125
2015-02-03,180.47999572753906,175.91000366210938,176.00999450683594,180.24000549316406,3766900.0,166.17747497558594
2015-02-04,180.7100067138672,178.52999877929688,178.72000122070312,178.77999877929688,2980500.0,164.83140563964844
2015-02-05,181.60000610351562,179.22999572753906,179.44000244140625,180.77000427246094,2434400.0,166.66612243652344
2015-02-06,184.6199951171875,181.13999938964844,182.0500030517578,183.42999267578125,3250900.0,169.1185760498047
2015-02-09,182.9499969482422,181.14999389648438,181.69000244140625,182.22000122070312,2421900.0,168.00302124023438
2015-02-10,184.8000030517578,182.35000610351562,183.35000610351562,184.55999755859375,2556300.0,170.1604461669922
2015-02-11,188.19000244140625,183.75,184.07000732421875,187.64999389648438,4079600.0,173.00930786132812
2015-02-12,190.0,187.39999389648438,188.25,189.77999877929688,3086700.0,174.97314453125
2015-02-13,191.3300018310547,188.33999633789062,189.8699951171875,189.0,2720400.0,174.25399780273438
2015-02-17,190.6300048828125,188.30999755859375,188.77999877929688,190.02000427246094,2123300.0,175.1944580078125
2015-02-18,190.0399932861328,187.82000732421875,189.5399932861328,188.6699981689453,1850700.0,173.94976806640625
2015-02-19,189.85000610351562,187.27000427246094,187.67999267578125,189.11000061035156,1470400.0,174.3554229736328
2015-02-20,191.63999938964844,187.0500030517578,188.35000610351562,191.50999450683594,2317100.0,176.56817626953125
2015-02-23,190.74000549316406,189.27000427246094,190.74000549316406,190.30999755859375,1691100.0,175.46180725097656
2015-02-24,193.27999877929688,189.67999267578125,190.02999877929688,192.22000122070312,2627300.0,177.22283935546875
2015-02-25,192.4499969482422,190.4600067138672,191.5500030517578,191.72000122070312,2775700.0,176.76181030273438
2015-02-26,192.47000122070312,190.0,190.50999450683594,192.1999969482422,2449300.0,177.76065063476562
2015-02-27,192.5,189.7899932861328,191.19000244140625,189.7899932861328,2572400.0,175.5316925048828
2015-03-02,191.9199981689453,189.77999877929688,190.0,191.7899932861328,1659400.0,177.38145446777344
2015-03-03,192.8699951171875,190.57000732421875,190.6999969482422,191.27000427246094,1487800.0,176.9005584716797
2015-03-04,190.82000732421875,188.97999572753906,190.35000610351562,189.6699981689453,1648500.0,175.4207305908203
2015-03-05,190.72000122070312,189.07000732421875,190.1300048828125,190.0800018310547,1330100.0,175.79994201660156
2015-03-06,191.39999389648438,186.5800018310547,187.5800018310547,186.91000366210938,4103600.0,172.8680419921875
2015-03-09,188.7899932861328,186.57000732421875,187.3000030517578,187.92999267578125,2233700.0,173.8114776611328
2015-03-10,186.13999938964844,182.7100067138672,185.58999633789062,182.7100067138672,2768500.0,168.9835968017578
2015-03-11,185.83999633789062,183.00999450683594,183.3000030517578,184.17999267578125,2098600.0,170.34317016601562
2015-03-12,190.0,185.94000244140625,185.94000244140625,189.9499969482422,3114800.0,175.6796875
2015-03-13,189.74000549316406,186.16000366210938,188.8699951171875,189.33999633789062,3095100.0,175.1155242919922
2015-03-16,192.49000549316406,189.89999389648438,190.0399932861328,191.89999389648438,2127700.0,177.48321533203125
2015-03-17,191.24000549316406,188.8000030517578,190.97000122070312,190.57000732421875,1883200.0,176.25311279296875
2015-03-18,193.0399932861328,189.1999969482422,189.6699981689453,192.32000732421875,2790100.0,177.87167358398438
2015-03-19,191.75999450683594,189.08999633789062,191.75999450683594,189.97000122070312,2097100.0,175.6981964111328
2015-03-20,193.9199981689453,189.89999389648438,190.47000122070312,193.1300048828125,3473800.0,178.62081909179688
2015-03-23,194.25,191.9600067138672,193.27000427246094,191.9600067138672,1590500.0,177.53868103027344
2015-03-24,192.50999450683594,191.16000366210938,191.94000244140625,191.27999877929688,1799100.0,176.90975952148438
2015-03-25,191.22999572753906,187.35000610351562,191.0800018310547,187.35000610351562,2542000.0,173.27500915527344
2015-03-26,187.97000122070312,185.02000427246094,186.52000427246094,187.24000549316406,2377200.0,173.17327880859375
2015-03-27,188.47999572753906,186.27000427246094,187.19000244140625,188.05999755859375,1539600.0,173.9317169189453
2015-03-30,192.0,189.19000244140625,189.24000549316406,191.02000427246094,2403800.0,176.66934204101562
2015-03-31,190.5500030517578,187.97000122070312,190.33999633789062,187.97000122070312,2146600.0,173.84844970703125
2015-04-01,192.3300018310547,186.9600067138672,187.94000244140625,192.22999572753906,4031400.0,177.78836059570312
2015-04-02,192.72999572753906,190.85000610351562,191.72999572753906,191.5500030517578,2296300.0,177.1594696044922
2015-04-06,192.63999938964844,188.9499969482422,190.17999267578125,192.0500030517578,1997000.0,177.62193298339844
2015-04-07,193.63999938964844,192.24000549316406,192.52000427246094,192.38999938964844,1778000.0,177.93637084960938
2015-04-08,193.85000610351562,192.1999969482422,193.0399932861328,192.55999755859375,1997300.0,178.0936279296875
2015-04-09,195.08999633789062,192.41000366210938,192.86000061035156,194.88999938964844,1986500.0,180.2485809326172
2015-04-10,195.86000061035156,194.08999633789062,194.64999389648438,195.63999938964844,1764800.0,180.9422149658203
2015-04-13,197.3800048828125,194.77000427246094,195.32000732421875,195.5800018310547,2196100.0,180.88673400878906
2015-04-14,198.49000549316406,195.7100067138672,196.97999572753906,197.72000122070312,3267400.0,182.86595153808594
2015-04-15,202.13999938964844,197.38999938964844,198.2100067138672,201.10000610351562,5066100.0,185.9920654296875
2015-04-16,202.8699951171875,198.6999969482422,202.6999969482422,200.2100067138672,5976900.0,185.16891479492188
2015-04-17,198.25,195.64999389648438,197.83999633789062,197.35000610351562,4578400.0,182.5237274169922
2015-04-20,199.60000610351562,197.9199981689453,199.07000732421875,198.10000610351562,2616600.0,183.21739196777344
2015-04-21,199.5,196.5800018310547,198.97000122070312,196.83999633789062,1868300.0,182.0520782470703
2015-04-22,199.16000366210938,196.57000732421875,197.91000366210938,198.32000732421875,1938100.0,183.42091369628906
2015-04-23,200.49000549316406,197.60000610351562,198.16000366210938,199.30999755859375,2053400.0,184.3365020751953
2015-04-24,199.10000610351562,197.4499969482422,199.0,197.99000549316406,1445700.0,183.11569213867188
2015-04-27,199.30999755859375,196.3699951171875,198.75999450683594,196.52000427246094,1767100.0,181.75611877441406
2015-04-28,197.61000061035156,194.39999389648438,196.1999969482422,197.49000549316406,1909400.0,182.6532440185547
2015-04-29,199.72999572753906,195.47999572753906,195.7899932861328,198.55999755859375,2480600.0,183.64283752441406
2015-04-30,199.75,195.39999389648438,198.39999389648438,196.4199981689453,2732800.0,181.6636199951172
2015-05-01,198.57000732421875,196.8300018310547,198.4499969482422,197.52999877929688,2029500.0,182.6902313232422
2015-05-04,199.72000122070312,197.89999389648438,198.25999450683594,199.3000030517578,1581600.0,184.32723999023438
2015-05-05,200.38999938964844,196.72000122070312,198.30999755859375,197.2899932861328,2287500.0,182.4682159423828
2015-05-06,198.58999633789062,194.00999450683594,197.75,196.25,2433700.0,181.50637817382812
2015-05-07,197.9499969482422,194.80999755859375,196.25999450683594,197.38999938964844,1795300.0,182.5607452392578
2015-05-08,201.33999633789062,199.10000610351562,199.10000610351562,200.5,3192500.0,185.43711853027344
2015-05-11,201.9499969482422,200.2899932861328,200.2899932861328,201.72999572753906,1966700.0,186.57467651367188
2015-05-12,201.0399932861328,198.07000732421875,200.47999572753906,200.52999877929688,2247500.0,185.46482849121094
2015-05-13,201.75,199.85000610351562,200.47000122070312,201.42999267578125,2143300.0,186.2972412109375
2015-05-14,202.8800048828125,201.42999267578125,202.3300018310547,202.6199951171875,1957000.0,187.39781188964844
2015-05-15,202.97000122070312,201.82000732421875,202.5500030517578,202.97000122070312,1742900.0,187.72154235839844
2015-05-18,205.17999267578125,202.63999938964844,202.64999389648438,204.66000366210938,2164600.0,189.28460693359375
2015-05-19,206.1999969482422,204.5500030517578,204.99000549316406,205.39999389648438,2370100.0,189.96897888183594
2015-05-20,205.9600067138672,204.14999389648438,205.1699981689453,205.0800018310547,1831200.0,189.67300415039062
2015-05-21,205.2100067138672,204.17999267578125,204.60000610351562,204.9499969482422,2225000.0,189.55279541015625
2015-05-22,208.25999450683594,204.6300048828125,204.66000366210938,207.8000030517578,3040400.0,192.1886749267578
2015-05-26,207.52000427246094,205.0,207.52000427246094,206.3800048828125,3336300.0,190.87538146972656
2015-05-27,209.67999267578125,205.8699951171875,206.88999938964844,209.05999755859375,3011500.0,193.35400390625
2015-05-28,208.58999633789062,207.27999877929688,208.0800018310547,208.47999572753906,3084900.0,193.41897583007812
2015-05-29,208.27000427246094,205.6199951171875,208.22999572753906,206.19000244140625,2255500.0,191.29440307617188
2015-06-01,208.82000732421875,206.88999938964844,207.32000732421875,207.80999755859375,2088200.0,192.79737854003906
2015-06-02,207.83999633789062,205.64999389648438,206.85000610351562,206.42999267578125,2230700.0,191.5170135498047
2015-06-03,210.1699981689453,206.77000427246094,207.52000427246094,208.2899932861328,2417000.0,193.24270629882812
2015-06-04,210.05999755859375,207.0,207.60000610351562,208.8699951171875,3462500.0,193.78074645996094
2015-06-05,211.94000244140625,208.5500030517578,210.6999969482422,210.4499969482422,3225100.0,195.2466278076172
2015-06-08,211.6999969482422,209.4499969482422,211.14999389648438,209.7899932861328,2180700.0,194.6343231201172
2015-06-09,210.44000244140625,207.6199951171875,210.0,209.02000427246094,2278800.0,193.91993713378906
2015-06-10,213.39999389648438,209.36000061035156,209.72000122070312,213.1300048828125,2677300.0,197.73304748535156
2015-06-11,214.61000061035156,212.8699951171875,213.1699981689453,213.94000244140625,2024100.0,198.48451232910156
2015-06-12,214.00999450683594,212.00999450683594,213.47999572753906,213.05999755859375,2006200.0,197.66810607910156
2015-06-15,212.33999633789062,210.3800048828125,210.88999938964844,211.75999450683594,1903800.0,196.46200561523438
2015-06-16,213.57000732421875,211.1300048828125,211.85000610351562,213.55999755859375,1954200.0,198.1319580078125
2015-06-17,214.5,212.57000732421875,213.58999633789062,212.92999267578125,1778400.0,197.54747009277344
2015-06-18,215.00999450683594,212.00999450683594,213.4499969482422,214.60000610351562,2167200.0,199.0968475341797
2015-06-19,215.0,213.19000244140625,214.1199951171875,213.19000244140625,4163400.0,197.78868103027344
2015-06-22,216.80999755859375,215.0,215.05999755859375,216.50999450683594,2006100.0,200.86883544921875
2015-06-23,218.77000427246094,216.63999938964844,216.9199981689453,218.39999389648438,2735600.0,202.62232971191406
2015-06-24,217.0,213.6999969482422,216.1999969482422,214.42999267578125,3945200.0,198.93910217285156
2015-06-25,215.8000030517578,212.49000549316406,215.14999389648438,212.82000732421875,2434700.0,197.44544982910156
2015-06-26,214.61000061035156,212.5500030517578,213.6199951171875,213.1699981689453,2762600.0,197.77015686035156
2015-06-29,211.22000122070312,207.64999389648438,210.13999938964844,207.64999389648438,3292800.0,192.64895629882812
2015-06-30,210.7899932861328,208.14999389648438,209.88999938964844,208.7899932861328,4167300.0,193.7065887451172
2015-07-01,212.49000549316406,208.9499969482422,211.6300048828125,209.94000244140625,2820300.0,194.7734832763672
2015-07-02,210.6300048828125,208.5,209.94000244140625,209.1999969482422,1816600.0,194.0869598388672
2015-07-06,208.52999877929688,206.25999450683594,206.7100067138672,208.0399932861328,2816800.0,193.01072692871094
2015-07-07,208.97000122070312,203.1999969482422,207.97999572753906,208.2100067138672,3304200.0,193.16845703125
2015-07-08,206.7899932861328,203.6999969482422,206.3000030517578,204.05999755859375,2185100.0,189.31826782226562
2015-07-09,207.5500030517578,204.44000244140625,207.1300048828125,204.80999755859375,2256200.0,190.0141143798828
2015-07-10,207.97999572753906,206.17999267578125,207.72000122070312,207.19000244140625,1840600.0,192.22216796875
2015-07-13,210.30999755859375,208.64999389648438,209.44000244140625,210.1199951171875,2041700.0,194.9405059814453
2015-07-14,212.75999450683594,209.6999969482422,210.00999450683594,212.16000366210938,2090700.0,196.83311462402344
2015-07-15,213.61000061035156,211.42999267578125,213.5399932861328,212.9600067138672,2536700.0,197.57533264160156
2015-07-16,214.13999938964844,209.32000732421875,211.38999938964844,211.17999267578125,4405200.0,195.9239044189453
2015-07-17,212.8000030517578,209.7899932861328,210.75999450683594,212.4600067138672,2849000.0,197.1114501953125
2015-07-20,214.0,211.2100067138672,212.67999267578125,212.38999938964844,2175400.0,197.04649353027344
2015-07-21,212.8000030517578,210.75,211.97999572753906,211.5,1985300.0,196.2208251953125
2015-07-22,213.72000122070312,211.75,211.8000030517578,213.25,2301300.0,197.8444061279297
2015-07-23,214.61000061035156,210.6999969482422,213.66000366210938,211.0500030517578,2192700.0,195.80328369140625
2015-07-24,211.4499969482422,206.89999389648438,211.4499969482422,207.35000610351562,2453900.0,192.37063598632812
2015-07-27,205.83999633789062,203.5,205.4499969482422,205.02000427246094,2910500.0,190.20896911621094
2015-07-28,207.17999267578125,204.60000610351562,207.13999938964844,206.24000549316406,2018100.0,191.34078979492188
2015-07-29,208.1300048828125,205.6699981689453,206.57000732421875,206.83999633789062,1987300.0,191.89743041992188
2015-07-30,207.35000610351562,205.10000610351562,206.02999877929688,207.1999969482422,1342900.0,192.2314453125
2015-07-31,207.47000122070312,204.89999389648438,207.39999389648438,205.07000732421875,1644000.0,190.2553253173828
2015-08-03,205.9499969482422,202.83999633789062,205.75,204.69000244140625,2075500.0,189.90277099609375
2015-08-04,207.14999389648438,204.8000030517578,205.00999450683594,205.1699981689453,1451500.0,190.3480682373047
2015-08-05,207.77999877929688,204.92999267578125,206.94000244140625,205.6999969482422,1535500.0,190.83981323242188
2015-08-06,206.6999969482422,204.3000030517578,206.0,205.08999633789062,1485800.0,190.27386474609375
2015-08-07,206.63999938964844,202.32000732421875,205.3000030517578,203.44000244140625,1691100.0,188.74307250976562
2015-08-10,206.57000732421875,204.33999633789062,204.58999633789062,205.97000122070312,1640300.0,191.09030151367188
2015-08-11,203.9199981689453,200.66000366210938,203.5,201.6999969482422,2554000.0,187.1287841796875
2015-08-12,201.5500030517578,196.5800018310547,199.89999389648438,201.1300048828125,2771900.0,186.59996032714844
2015-08-13,201.9499969482422,199.5800018310547,200.72000122070312,200.74000549316406,3353600.0,186.23814392089844
2015-08-14,202.5500030517578,200.74000549316406,200.8300018310547,202.02000427246094,3567100.0,187.42567443847656
2015-08-17,202.86000061035156,199.77999877929688,201.00999450683594,202.57000732421875,1600700.0,187.93592834472656
2015-08-18,203.10000610351562,201.17999267578125,202.1199951171875,201.17999267578125,1665400.0,186.64633178710938
2015-08-19,202.75,199.13999938964844,200.02000427246094,200.9499969482422,2721400.0,186.43292236328125
2015-08-20,199.22000122070312,196.75,198.42999267578125,196.75,3140000.0,182.5363311767578
2015-08-21,194.60000610351562,187.5800018310547,193.66000366210938,187.74000549316406,5406200.0,174.17727661132812
2015-08-24,186.88999938964844,172.10000610351562,178.4600067138672,179.4600067138672,7183600.0,166.49545288085938
2015-08-25,187.3300018310547,177.7100067138672,185.88999938964844,178.22000122070312,7204800.0,165.3450164794922
2015-08-26,185.05999755859375,179.11000061035156,183.0399932861328,184.39999389648438,5561800.0,171.07852172851562
2015-08-27,189.86000061035156,185.42999267578125,186.80999755859375,189.2100067138672,3798500.0,175.5410614013672
2015-08-28,188.85000610351562,186.25999450683594,187.58999633789062,187.75,2413100.0,174.78700256347656
2015-08-31,190.25,187.17999267578125,187.69000244140625,188.60000610351562,2858000.0,175.5782928466797
2015-09-01,186.47000122070312,181.0800018310547,184.24000549316406,182.1199951171875,5494500.0,169.54568481445312
2015-09-02,185.82000732421875,182.50999450683594,184.8699951171875,184.50999450683594,3043800.0,171.77066040039062
2015-09-03,187.88999938964844,184.27999877929688,185.0,185.05999755859375,2902200.0,172.28271484375
2015-09-04,182.8300018310547,179.1300048828125,182.25999450683594,180.3800048828125,4295600.0,167.92584228515625
2015-09-08,186.30999755859375,183.64999389648438,183.91000366210938,185.8800048828125,3060100.0,173.04611206054688
2015-09-09,191.75,185.25999450683594,189.5500030517578,185.67999267578125,4756800.0,172.85989379882812
2015-09-10,187.82000732421875,184.77000427246094,185.4499969482422,185.91000366210938,3042600.0,173.07406616210938
2015-09-11,185.82000732421875,183.32000732421875,185.42999267578125,185.27000427246094,2536800.0,172.4782257080078
2015-09-14,185.86000061035156,183.3000030517578,185.60000610351562,183.94000244140625,2746000.0,171.24005126953125
2015-09-15,188.02000427246094,184.19000244140625,184.77999877929688,187.4499969482422,3092800.0,174.5076904296875
2015-09-16,189.3000030517578,186.58999633789062,187.9600067138672,188.63999938964844,2717800.0,175.61553955078125
2015-09-17,190.57000732421875,186.0,188.4499969482422,186.4499969482422,3712600.0,173.5767364501953
2015-09-18,183.3800048828125,180.5500030517578,183.1999969482422,180.94000244140625,6529900.0,168.4471893310547
2015-09-21,184.41000366210938,181.6999969482422,183.3000030517578,183.35000610351562,2947200.0,170.69078063964844
2015-09-22,181.0,178.00999450683594,180.88999938964844,179.72000122070312,4166900.0,167.31138610839844
2015-09-23,180.19000244140625,177.75,179.80999755859375,179.41000366210938,2732600.0,167.0228271484375
2015-09-24,177.97999572753906,174.82000732421875,177.66000366210938,176.91000366210938,3910000.0,164.69544982910156
2015-09-25,181.11000061035156,178.16000366210938,179.1999969482422,179.8300018310547,3026500.0,167.41383361816406
2015-09-28,178.4600067138672,172.75,178.4600067138672,173.02000427246094,3898500.0,161.07398986816406
2015-09-29,173.3000030517578,167.49000549316406,173.00999450683594,171.86000061035156,4419100.0,159.99411010742188
2015-09-30,175.0800018310547,172.16000366210938,174.5800018310547,173.75999450683594,2931500.0,161.7628936767578
2015-10-01,176.1699981689453,173.0399932861328,174.39999389648438,176.02000427246094,3613000.0,163.86688232421875
2015-10-02,177.10000610351562,169.8699951171875,172.13999938964844,177.00999450683594,4469900.0,164.78851318359375
2015-10-05,181.05999755859375,177.8300018310547,178.22999572753906,180.6999969482422,3411900.0,168.22372436523438
2015-10-06,181.27999877929688,179.47000122070312,180.1999969482422,180.32000732421875,1859100.0,167.86997985839844
2015-10-07,183.7899932861328,180.5399932861328,181.8000030517578,182.22999572753906,2572200.0,169.64808654785156
2015-10-08,182.47000122070312,179.75,181.17999267578125,181.07000732421875,3253400.0,168.5681915283203
2015-10-09,182.2899932861328,178.2100067138672,180.9600067138672,179.19000244140625,3334900.0,166.81800842285156
2015-10-12,181.1999969482422,179.00999450683594,180.8000030517578,180.22999572753906,3059800.0,167.78622436523438
2015-10-13,183.13999938964844,179.5,179.57000732421875,180.97000122070312,2918800.0,168.47508239746094
2015-10-14,182.22000122070312,179.13999938964844,180.72999572753906,179.50999450683594,3252000.0,167.1159210205078
2015-10-15,185.75,175.75999450683594,176.72999572753906,184.9600067138672,5720100.0,172.18960571289062
2015-10-16,186.64999389648438,183.6300048828125,185.1199951171875,185.17999267578125,2977500.0,172.39442443847656
2015-10-19,186.5,183.14999389648438,183.47999572753906,185.74000549316406,2665700.0,172.91578674316406
2015-10-20,185.97000122070312,183.89999389648438,185.1999969482422,185.50999450683594,2736200.0,172.70164489746094
2015-10-21,186.22000122070312,179.5500030517578,186.22000122070312,179.6999969482422,3613800.0,167.29281616210938
2015-10-22,184.19000244140625,180.1999969482422,180.22999572753906,183.55999755859375,2609600.0,170.88626098632812
2015-10-23,186.36000061035156,184.42999267578125,185.16000366210938,185.5,2935700.0,172.69235229492188
2015-10-26,188.0,186.6199951171875,187.10000610351562,187.00999450683594,2573700.0,174.09808349609375
2015-10-27,186.8300018310547,184.5,186.0,186.30999755859375,1932300.0,173.4464111328125
2015-10-28,191.47999572753906,186.1699981689453,186.7100067138672,191.32000732421875,3231900.0,178.1105194091797
2015-10-29,191.9600067138672,189.3300018310547,191.0,189.88999938964844,3068100.0,176.7792510986328
2015-10-30,190.08999633789062,187.24000549316406,189.75999450683594,187.5,2791600.0,174.55426025390625
2015-11-02,190.42999267578125,187.67999267578125,188.32000732421875,189.67999267578125,2531500.0,176.583740234375
2015-11-03,191.8699951171875,189.0500030517578,189.25,190.69000244140625,2443200.0,177.52398681640625
2015-11-04,192.88999938964844,190.30999755859375,191.0,191.64999389648438,2174300.0,178.41769409179688
2015-11-05,193.27999877929688,191.0,192.5399932861328,192.02000427246094,2186300.0,178.76219177246094
2015-11-06,199.47000122070312,195.89999389648438,196.0,199.1699981689453,4270800.0,185.41851806640625
2015-11-09,199.89999389648438,196.32000732421875,199.0399932861328,196.75999450683594,2604400.0,183.17489624023438
2015-11-10,198.22000122070312,195.27999877929688,196.5800018310547,197.80999755859375,2149900.0,184.1523895263672
2015-11-11,198.92999267578125,196.72999572753906,198.2899932861328,197.38999938964844,1637500.0,183.7614288330078
2015-11-12,196.19000244140625,192.25999450683594,196.19000244140625,192.77000427246094,3166900.0,179.46041870117188
2015-11-13,193.3800048828125,190.05999755859375,192.6300048828125,190.38999938964844,2484000.0,177.24468994140625
2015-11-16,192.16000366210938,188.00999450683594,189.99000549316406,192.16000366210938,4626600.0,178.89251708984375
2015-11-17,193.0,190.32000732421875,192.6699981689453,190.57000732421875,1783800.0,177.4122772216797
2015-11-18,194.0500030517578,191.00999450683594,191.0500030517578,193.66000366210938,2509200.0,180.28892517089844
2015-11-19,194.2100067138672,191.6699981689453,193.82000732421875,193.02999877929688,1835800.0,179.70240783691406
2015-11-20,193.49000549316406,191.11000061035156,193.0,191.47000122070312,2932100.0,178.25015258789062
2015-11-23,191.49000549316406,188.52000427246094,191.3000030517578,189.19000244140625,2671700.0,176.1275634765625
2015-11-24,189.8000030517578,186.55999755859375,188.02000427246094,188.6699981689453,2679400.0,175.64346313476562
2015-11-25,189.77000427246094,188.14999389648438,188.99000549316406,189.14999389648438,1495600.0,176.09031677246094
2015-11-27,191.19000244140625,188.85000610351562,189.16000366210938,190.47000122070312,1092700.0,177.31918334960938
2015-11-30,191.0800018310547,189.24000549316406,190.5,190.02000427246094,3415000.0,177.5060272216797
2015-12-01,193.14999389648438,190.00999450683594,191.22000122070312,193.07000732421875,4140900.0,180.3551788330078
2015-12-02,193.83999633789062,189.8000030517578,193.3000030517578,190.25999450683594,1817200.0,177.73019409179688
2015-12-03,191.64999389648438,184.72999572753906,190.66000366210938,185.1999969482422,3599000.0,173.00343322753906
2015-12-04,190.6199951171875,184.75,185.61000061035156,189.99000549316406,3517200.0,177.47801208496094
2015-12-07,190.1199951171875,185.0,190.0,185.49000549316406,3499900.0,173.27435302734375
2015-12-08,184.47000122070312,181.83999633789062,183.9199981689453,182.9199981689453,2663800.0,170.8736114501953
2015-12-09,184.85000610351562,179.8300018310547,182.02000427246094,180.7100067138672,3907500.0,168.8091278076172
2015-12-10,183.92999267578125,180.30999755859375,180.99000549316406,182.11000061035156,2212300.0,170.11692810058594
2015-12-11,180.14999389648438,175.47000122070312,179.67999267578125,176.55999755859375,3750100.0,164.9324493408203
2015-12-14,178.6300048828125,172.89999389648438,176.6699981689453,176.39999389648438,5102400.0,164.78297424316406
2015-12-15,183.27999877929688,178.85000610351562,178.97999572753906,182.00999450683594,3398700.0,170.0235137939453
2015-12-16,186.8800048828125,181.67999267578125,184.00999450683594,186.2100067138672,3191700.0,173.9469451904297
2015-12-17,187.88999938964844,182.61000061035156,186.8800048828125,182.61000061035156,2807900.0,170.58401489257812
2015-12-18,181.89999389648438,175.38999938964844,181.1999969482422,175.49000549316406,6740800.0,163.9329376220703
2015-12-21,178.14999389648438,175.8300018310547,177.5,177.75,2472900.0,166.04405212402344
2015-12-22,180.69000244140625,177.0500030517578,178.89999389648438,180.0500030517578,2312800.0,168.19259643554688
2015-12-23,183.0,180.4600067138672,180.6999969482422,182.9499969482422,2367900.0,170.90162658691406
2015-12-24,183.1699981689453,182.02000427246094,182.27000427246094,182.47000122070312,1107600.0,170.4532470703125
2015-12-28,181.92999267578125,179.83999633789062,181.77000427246094,181.6199951171875,1723300.0,169.6592254638672
2015-12-29,184.17999267578125,182.5,182.82000732421875,183.52999877929688,1848900.0,171.44342041015625
2015-12-30,183.52999877929688,181.83999633789062,183.27999877929688,182.00999450683594,1514300.0,170.0235137939453
2015-12-31,182.88999938964844,180.02999877929688,181.16000366210938,180.22999572753906,1773900.0,168.36074829101562
2016-01-04,177.19000244140625,173.75999450683594,175.7899932861328,177.13999938964844,3745500.0,165.47425842285156
2016-01-05,177.5,172.9199981689453,176.7100067138672,174.08999633789062,4521600.0,162.62506103515625
2016-01-06,172.02000427246094,169.10000610351562,171.30999755859375,169.83999633789062,5539400.0,158.65499877929688
2016-01-07,169.5,163.60000610351562,166.6699981689453,164.6199951171875,5687900.0,153.77874755859375
2016-01-08,168.4199981689453,163.6300048828125,166.75,163.94000244140625,4929800.0,153.14353942871094
2016-01-11,166.4600067138672,163.33999633789062,165.0,165.72999572753906,4386500.0,154.81570434570312
2016-01-12,168.17999267578125,163.3000030517578,166.88999938964844,165.7100067138672,4441300.0,154.79696655273438
2016-01-13,167.10000610351562,157.9199981689453,166.4600067138672,158.99000549316406,5252500.0,148.51954650878906
2016-01-14,162.50999450683594,156.75999450683594,160.3000030517578,161.38999938964844,4272500.0,150.761474609375
2016-01-15,157.99000549316406,153.80999755859375,156.6999969482422,155.61000061035156,6237200.0,145.36212158203125
2016-01-19,158.75999450683594,155.27999877929688,157.55999755859375,156.82000732421875,5860600.0,146.49244689941406
2016-01-20,158.3699951171875,151.64999389648438,154.10000610351562,153.75,9369100.0,143.62466430664062
2016-01-21,155.16000366210938,151.49000549316406,153.97000122070312,151.64999389648438,5738800.0,141.6629180908203
2016-01-22,156.99000549316406,153.86000061035156,154.5800018310547,156.86000061035156,5583800.0,146.52980041503906
2016-01-25,156.52999877929688,151.1199951171875,156.39999389648438,151.1199951171875,5051700.0,141.1678009033203
2016-01-26,156.10000610351562,151.1199951171875,151.1199951171875,154.4499969482422,5237700.0,144.2785186767578
2016-01-27,158.42999267578125,153.19000244140625,153.58999633789062,153.72000122070312,5153100.0,143.59661865234375
2016-01-28,158.0500030517578,152.52999877929688,155.00999450683594,157.05999755859375,4292900.0,146.7165985107422
2016-01-29,161.58999633789062,157.77999877929688,158.63999938964844,161.55999755859375,4887900.0,150.92030334472656
2016-02-01,161.0,158.4499969482422,160.41000366210938,159.64999389648438,2963500.0,149.1360321044922
2016-02-02,157.0,150.16000366210938,157.0,151.6999969482422,6316200.0,141.70960998535156
2016-02-03,153.83999633789062,147.00999450683594,152.5,152.67999267578125,5893200.0,142.6250762939453
2016-02-04,157.9499969482422,152.00999450683594,152.3000030517578,156.49000549316406,4573100.0,146.1841583251953
2016-02-05,159.6999969482422,155.69000244140625,157.57000732421875,156.47000122070312,4596100.0,146.16549682617188
2016-02-08,153.8300018310547,145.25,153.8300018310547,149.25,8680000.0,139.4209442138672
2016-02-09,149.9499969482422,145.10000610351562,145.52000427246094,148.25,6919400.0,138.48680114746094
2016-02-10,153.3800048828125,147.2100067138672,150.0,147.22999572753906,7609600.0,137.5339813232422
2016-02-11,144.41000366210938,139.0500030517578,143.41000366210938,140.69000244140625,10252200.0,131.42469787597656
2016-02-12,146.50999450683594,143.6999969482422,143.75,146.1300048828125,9009300.0,136.5064239501953
2016-02-16,150.47999572753906,147.4499969482422,149.60000610351562,149.02000427246094,10198000.0,139.20616149902344
2016-02-17,151.8699951171875,150.30999755859375,150.8000030517578,150.94000244140625,5578800.0,140.9996795654297
2016-02-18,152.0,147.3699951171875,151.25,147.72999572753906,5895500.0,138.00106811523438
2016-02-19,147.72999572753906,145.42999267578125,147.0,146.91000366210938,5257300.0,137.2350616455078
2016-02-22,149.99000549316406,148.22999572753906,149.1999969482422,148.7899932861328,4287900.0,138.99127197265625
2016-02-23,148.0500030517578,144.0500030517578,148.0,144.91000366210938,4249600.0,135.36679077148438
2016-02-24,145.63999938964844,140.25999450683594,143.0800018310547,145.55999755859375,5714700.0,135.97398376464844
2016-02-25,149.07000732421875,145.22999572753906,146.0,148.25,4299600.0,138.48680114746094
2016-02-26,151.97000122070312,149.00999450683594,149.72000122070312,150.25,5924500.0,140.35511779785156
2016-02-29,150.2899932861328,148.32000732421875,149.75,149.52999877929688,5506400.0,140.28944396972656
2016-03-01,154.77000427246094,150.67999267578125,150.9499969482422,154.64999389648438,6490400.0,145.0930633544922
2016-03-02,155.41000366210938,153.4499969482422,154.75,154.1999969482422,5047500.0,144.6708526611328
2016-03-03,155.66000366210938,153.36000061035156,154.0,155.3300018310547,3615800.0,145.7310333251953
2016-03-04,158.85000610351562,155.2899932861328,156.3699951171875,156.83999633789062,5256700.0,147.14767456054688
2016-03-07,156.3699951171875,154.41000366210938,156.0,155.35000610351562,2771900.0,145.74977111816406
2016-03-08,154.22999572753906,151.5,154.0,151.60000610351562,3830400.0,142.23153686523438
2016-03-09,152.5,149.17999267578125,152.11000061035156,149.91000366210938,3250900.0,140.6459503173828
2016-03-10,153.60000610351562,148.83999633789062,150.41000366210938,151.02000427246094,4631800.0,141.6873779296875
2016-03-11,154.16000366210938,152.3699951171875,153.27999877929688,153.94000244140625,4058700.0,144.42689514160156
2016-03-14,154.4499969482422,152.1300048828125,153.66000366210938,153.49000549316406,3317900.0,144.00474548339844
2016-03-15,152.74000549316406,150.89999389648438,152.64999389648438,152.02999877929688,3731400.0,142.6349334716797
2016-03-16,152.85000610351562,149.7100067138672,150.9199981689453,150.5399932861328,4310300.0,141.23699951171875
2016-03-17,153.97999572753906,148.75,150.38999938964844,152.91000366210938,4431700.0,143.46058654785156
2016-03-18,158.17999267578125,153.8699951171875,153.91000366210938,157.60000610351562,7413200.0,147.86074829101562
2016-03-21,158.89999389648438,155.75,157.24000549316406,156.2899932861328,4410200.0,146.63168334960938
2016-03-22,155.58999633789062,153.36000061035156,155.5,154.1999969482422,3521500.0,144.6708526611328
2016-03-23,155.5500030517578,153.58999633789062,154.25,154.0800018310547,3633400.0,144.55824279785156
2016-03-24,153.0399932861328,150.1300048828125,152.39999389648438,153.0,3693400.0,143.54498291015625
2016-03-28,154.63999938964844,152.3800048828125,153.13999938964844,153.83999633789062,2308600.0,144.33309936523438
2016-03-29,155.35000610351562,151.5,152.8699951171875,155.02999877929688,2919500.0,145.44955444335938
2016-03-30,158.02000427246094,154.88999938964844,156.1300048828125,156.5,3130600.0,146.82875061035156
2016-03-31,157.47999572753906,156.05999755859375,156.17999267578125,156.97999572753906,2927300.0,147.27903747558594
2016-04-01,160.00999450683594,155.08999633789062,156.4600067138672,159.82000732421875,3373400.0,149.94354248046875
2016-04-04,160.0,157.38999938964844,159.97000122070312,157.77000427246094,2478100.0,148.02024841308594
2016-04-05,156.52999877929688,154.5500030517578,156.44000244140625,155.35000610351562,2822700.0,145.74977111816406
2016-04-06,156.27000427246094,153.9199981689453,155.25999450683594,155.19000244140625,2927400.0,145.5996856689453
2016-04-07,154.02999877929688,149.3699951171875,153.64999389648438,150.41000366210938,4786800.0,141.1150665283203
2016-04-08,152.8699951171875,150.00999450683594,152.07000732421875,150.27999877929688,3122200.0,140.9930877685547
2016-04-11,153.89999389648438,150.41000366210938,151.17999267578125,152.1999969482422,3464300.0,142.79443359375
2016-04-12,155.08999633789062,151.3000030517578,152.6699981689453,154.30999755859375,2732900.0,144.77401733398438
2016-04-13,159.99000549316406,156.3800048828125,156.52999877929688,159.85000610351562,5151100.0,149.97171020507812
2016-04-14,162.27000427246094,159.14999389648438,159.52999877929688,160.91000366210938,3067100.0,150.9661865234375
2016-04-15,161.77999877929688,158.1999969482422,161.22999572753906,158.52000427246094,3467900.0,148.72390747070312
2016-04-18,160.0,157.14999389648438,157.61000061035156,159.02000427246094,3031500.0,149.19296264648438
2016-04-19,163.6999969482422,157.0,157.75,162.64999389648438,5832200.0,152.59864807128906
2016-04-20,167.4499969482422,161.94000244140625,162.0,166.97999572753906,4802200.0,156.66107177734375
2016-04-21,168.89999389648438,165.00999450683594,166.5500030517578,165.32000732421875,4165100.0,155.10365295410156
2016-04-22,167.49000549316406,165.66000366210938,165.7899932861328,166.75,2680300.0,156.4452667236328
2016-04-25,167.38999938964844,164.05999755859375,166.0,165.08999633789062,2473000.0,154.8878936767578
2016-04-26,166.0,164.22000122070312,165.3800048828125,165.83999633789062,2251600.0,155.59152221679688
2016-04-27,168.66000366210938,164.92999267578125,165.8300018310547,166.9199981689453,3323600.0,156.6047821044922
2016-04-28,167.32000732421875,164.00999450683594,165.35000610351562,164.2899932861328,2528000.0,154.1373291015625
2016-04-29,164.67999267578125,162.55999755859375,163.8000030517578,164.11000061035156,2890800.0,153.9684600830078
2016-05-02,167.19000244140625,163.99000549316406,165.0800018310547,166.17999267578125,1998400.0,155.91053771972656
2016-05-03,164.11000061035156,161.3699951171875,163.66000366210938,163.13999938964844,2777000.0,153.05838012695312
2016-05-04,162.60000610351562,159.08999633789062,161.1999969482422,160.07000732421875,3203900.0,150.17811584472656
2016-05-05,160.82000732421875,158.5,160.77999877929688,159.52999877929688,2366200.0,149.6714630126953
2016-05-06,160.1699981689453,157.00999450683594,158.19000244140625,158.85000610351562,2307000.0,149.0334930419922
2016-05-09,159.85000610351562,156.7899932861328,158.1999969482422,157.50999450683594,2097900.0,147.77630615234375
2016-05-10,161.5,158.38999938964844,158.6699981689453,161.4199981689453,2379600.0,151.44467163085938
2016-05-11,162.52999877929688,159.27999877929688,161.36000061035156,159.4199981689453,2096900.0,149.5682830810547
2016-05-12,161.47000122070312,157.30999755859375,160.32000732421875,158.07000732421875,2448100.0,148.30172729492188
2016-05-13,159.72000122070312,155.25999450683594,157.8800048828125,155.33999633789062,2550100.0,145.7404022216797
2016-05-16,156.89999389648438,154.60000610351562,155.33999633789062,155.3800048828125,3177700.0,145.77792358398438
2016-05-17,157.11000061035156,153.77000427246094,154.74000549316406,154.64999389648438,2701500.0,145.0930633544922
2016-05-18,160.0,154.64999389648438,154.80999755859375,159.94000244140625,3653300.0,150.05615234375
2016-05-19,159.9499969482422,154.52000427246094,158.67999267578125,154.6999969482422,4712000.0,145.1399383544922
2016-05-20,156.41000366210938,153.9199981689453,155.75999450683594,154.50999450683594,3247800.0,144.96173095703125
2016-05-23,156.08999633789062,153.74000549316406,154.44000244140625,155.4499969482422,2767600.0,145.84359741210938
2016-05-24,158.5500030517578,156.44000244140625,156.6699981689453,157.58999633789062,3038800.0,147.8513641357422
2016-05-25,162.2899932861328,158.02999877929688,158.05999755859375,161.25,3259900.0,151.28517150878906
2016-05-26,161.3300018310547,159.1699981689453,161.16000366210938,159.22000122070312,2576100.0,149.38064575195312
2016-05-27,160.39999389648438,158.32000732421875,158.6999969482422,159.52999877929688,2157000.0,150.2849884033203
2016-05-31,161.64999389648438,158.5500030517578,160.39999389648438,159.47999572753906,2916100.0,150.23789978027344
2016-06-01,160.5500030517578,156.0,157.89999389648438,159.97000122070312,2581600.0,150.69947814941406
2016-06-02,160.3300018310547,158.4600067138672,160.13999938964844,159.27999877929688,2257100.0,150.04945373535156
2016-06-03,156.5399932861328,153.86000061035156,155.86000061035156,155.6699981689453,4329300.0,146.648681640625
2016-06-06,157.91000366210938,155.77000427246094,156.25,157.05999755859375,2540400.0,147.9581298828125
2016-06-07,157.47000122070312,155.1699981689453,157.1999969482422,155.1699981689453,2489700.0,146.1776885986328
2016-06-08,156.5800018310547,153.91000366210938,155.1999969482422,154.63999938964844,2426800.0,145.67837524414062
2016-06-09,154.2899932861328,152.4600067138672,153.7899932861328,153.1699981689453,2711700.0,144.29354858398438
2016-06-10,151.66000366210938,149.57000732421875,151.35000610351562,149.88999938964844,4335700.0,141.20361328125
2016-06-13,151.32000732421875,148.58999633789062,149.0,148.6300048828125,3385800.0,140.01663208007812
2016-06-14,149.0500030517578,145.4499969482422,148.22000122070312,146.19000244140625,5069600.0,137.71807861328125
2016-06-15,148.6999969482422,145.89999389648438,147.16000366210938,146.16000366210938,2981400.0,137.68978881835938
2016-06-16,146.99000549316406,143.52999877929688,145.0,146.6300048828125,3499200.0,138.13255310058594
2016-06-17,148.22999572753906,145.4600067138672,146.6300048828125,145.63999938964844,4296500.0,137.19993591308594
2016-06-20,150.5,147.5800018310547,148.5,147.75,3338900.0,139.1876678466797
2016-06-21,148.8300018310547,147.1199951171875,148.5,148.35000610351562,2424600.0,139.75289916992188
2016-06-22,150.1199951171875,147.99000549316406,148.00999450683594,148.13999938964844,2487600.0,139.55506896972656
2016-06-23,152.8000030517578,150.13999938964844,150.55999755859375,152.66000366210938,2940500.0,143.81314086914062
2016-06-24,146.4199981689453,140.9199981689453,143.02999877929688,141.86000061035156,9442200.0,133.63897705078125
2016-06-27,141.22999572753906,138.1999969482422,140.07000732421875,139.50999450683594,7381000.0,131.4251708984375
2016-06-28,142.6199951171875,139.82000732421875,142.2100067138672,142.41000366210938,5041500.0,134.1571044921875
2016-06-29,145.5500030517578,142.92999267578125,143.60000610351562,145.5,3804100.0,137.06805419921875
2016-06-30,148.8800048828125,145.3699951171875,146.6699981689453,148.5800018310547,4528600.0,139.9695281982422
2016-07-01,150.6999969482422,148.07000732421875,148.49000549316406,148.25,3096800.0,139.65866088867188
2016-07-05,146.94000244140625,143.3300018310547,146.72000122070312,144.4499969482422,3943000.0,136.07887268066406
2016-07-06,145.94000244140625,142.6199951171875,142.94000244140625,145.5800018310547,2941800.0,137.1433868408203
2016-07-07,148.08999633789062,145.36000061035156,146.0,147.0,2578300.0,138.4811553955078
2016-07-08,150.9199981689453,148.30999755859375,149.36000061035156,150.3800048828125,3281400.0,141.66522216796875
2016-07-11,152.97999572753906,151.3800048828125,151.49000549316406,152.19000244140625,3041600.0,143.37037658691406
2016-07-12,157.25,153.9199981689453,154.0,156.9199981689453,5110800.0,147.8262176513672
2016-07-13,158.27000427246094,156.14999389648438,157.0,157.9199981689453,4276400.0,148.76828002929688
2016-07-14,163.24000549316406,160.00999450683594,160.2899932861328,162.5399932861328,5087700.0,153.12054443359375
2016-07-15,163.13999938964844,160.6999969482422,162.86000061035156,161.63999938964844,3078400.0,152.272705078125
2016-07-18,164.08999633789062,162.00999450683594,162.36000061035156,163.3300018310547,4734500.0,153.86477661132812
2016-07-19,164.0800018310547,160.72999572753906,162.02000427246094,161.41000366210938,5399700.0,152.05604553222656
2016-07-20,162.88999938964844,159.22000122070312,162.5500030517578,161.77000427246094,3547800.0,152.39515686035156
2016-07-21,161.89999389648438,159.77000427246094,161.7100067138672,160.0500030517578,2855500.0,150.7748565673828
2016-07-22,160.72999572753906,159.86000061035156,160.2899932861328,160.41000366210938,1811700.0,151.114013671875
2016-07-25,161.3300018310547,159.61000061035156,159.63999938964844,160.50999450683594,1956100.0,151.20822143554688
2016-07-26,161.5,159.4199981689453,160.67999267578125,161.16000366210938,2150100.0,151.82054138183594
2016-07-27,162.1699981689453,160.41000366210938,161.1999969482422,160.99000549316406,2317200.0,151.66038513183594
2016-07-28,160.9600067138672,158.83999633789062,160.17999267578125,160.52999877929688,2047400.0,151.22706604003906
2016-07-29,160.19000244140625,158.64999389648438,159.50999450683594,158.80999755859375,2388200.0,149.60671997070312
2016-08-01,159.9199981689453,157.92999267578125,158.80999755859375,158.17999267578125,2316300.0,149.01321411132812
2016-08-02,158.4600067138672,155.3699951171875,157.64999389648438,156.05999755859375,3182800.0,147.0160675048828
2016-08-03,158.9499969482422,156.17999267578125,156.4499969482422,158.33999633789062,2284700.0,149.16392517089844
2016-08-04,158.89999389648438,157.41000366210938,158.22000122070312,158.0500030517578,2005700.0,148.89077758789062
2016-08-05,162.1300048828125,159.1999969482422,159.75,162.08999633789062,2676100.0,152.69667053222656
2016-08-08,163.97999572753906,162.00999450683594,162.10000610351562,162.8300018310547,2266600.0,153.39370727539062
2016-08-09,164.5800018310547,162.5,162.5,163.44000244140625,1957400.0,153.96841430664062
2016-08-10,163.60000610351562,162.00999450683594,163.4499969482422,162.19000244140625,1656100.0,152.79086303710938
2016-08-11,164.25,161.92999267578125,162.1999969482422,163.86000061035156,1827700.0,154.3640594482422
2016-08-12,163.3699951171875,162.07000732421875,162.6699981689453,163.25,1440800.0,153.7894287109375
2016-08-15,165.83999633789062,163.8000030517578,163.8699951171875,165.5500030517578,2222200.0,155.9561309814453
2016-08-16,166.75999450683594,164.72000122070312,164.99000549316406,165.64999389648438,2523800.0,156.05029296875
2016-08-17,166.32000732421875,164.74000549316406,165.94000244140625,165.6699981689453,2061700.0,156.06915283203125
2016-08-18,166.55999755859375,164.6300048828125,165.33999633789062,166.05999755859375,1750500.0,156.4365692138672
2016-08-19,166.89999389648438,164.5,165.36000061035156,166.22999572753906,1840900.0,156.5966796875
2016-08-22,166.91000366210938,164.88999938964844,166.0,166.25999450683594,1448100.0,156.62498474121094
2016-08-23,167.85000610351562,165.97999572753906,167.0,166.0800018310547,1965500.0,156.45542907714844
2016-08-24,166.6999969482422,164.85000610351562,165.77999877929688,165.3000030517578,2035300.0,155.72061157226562
2016-08-25,166.0399932861328,164.61000061035156,165.0800018310547,165.89999389648438,1441400.0,156.28582763671875
2016-08-26,168.07000732421875,165.36000061035156,166.75999450683594,165.97000122070312,2402200.0,156.35179138183594
2016-08-29,167.86000061035156,166.14999389648438,166.60000610351562,166.8699951171875,2620900.0,157.19961547851562
2016-08-30,169.50999450683594,166.22000122070312,166.22000122070312,169.3699951171875,2934100.0,160.17864990234375
2016-08-31,170.24000549316406,167.47000122070312,169.25,169.4600067138672,3688200.0,160.26377868652344
2016-09-01,170.07000732421875,166.66000366210938,170.0,168.50999450683594,2843300.0,159.36532592773438
2016-09-02,169.74000549316406,167.89999389648438,168.52000427246094,169.17999267578125,1747500.0,159.9989776611328
2016-09-06,169.7899932861328,167.47000122070312,168.72000122070312,169.3300018310547,2034900.0,160.140869140625
2016-09-07,170.2100067138672,168.64999389648438,168.6999969482422,169.6699981689453,1584300.0,160.46238708496094
2016-09-08,171.8800048828125,168.7100067138672,169.35000610351562,171.66000366210938,3031600.0,162.3444366455078
2016-09-09,172.4199981689453,168.50999450683594,170.8300018310547,168.57000732421875,3411800.0,159.422119140625
2016-09-12,171.6699981689453,166.22999572753906,167.00999450683594,171.05999755859375,2647900.0,161.77696228027344
2016-09-13,169.97000122070312,166.3800048828125,168.5399932861328,167.0,2788200.0,157.93728637695312
2016-09-14,167.86000061035156,165.58999633789062,167.0,166.16000366210938,1995900.0,157.1428680419922
2016-09-15,168.75999450683594,165.75999450683594,165.77999877929688,168.0800018310547,1645200.0,158.95867919921875
2016-09-16,168.0500030517578,165.61000061035156,167.85000610351562,166.0,4534900.0,156.99156188964844
2016-09-19,168.30999755859375,165.67999267578125,167.33999633789062,166.2100067138672,2030700.0,157.19015502929688
2016-09-20,168.27999877929688,166.38999938964844,167.67999267578125,166.47000122070312,1532900.0,157.43605041503906
2016-09-21,168.27999877929688,165.92999267578125,167.4199981689453,167.02999877929688,2333600.0,157.9656982421875
2016-09-22,169.3300018310547,167.6999969482422,168.4499969482422,168.02000427246094,2467700.0,158.90194702148438
2016-09-23,168.10000610351562,165.0500030517578,167.75,165.1300048828125,3421200.0,156.1687774658203
2016-09-26,163.97000122070312,161.0,163.8300018310547,161.47999572753906,2772200.0,152.71685791015625
2016-09-27,163.4499969482422,159.82000732421875,160.72000122070312,162.88999938964844,2602700.0,154.05032348632812
2016-09-28,163.7899932861328,161.67999267578125,163.33999633789062,163.4499969482422,1678100.0,154.5799102783203
2016-09-29,163.9600067138672,157.77000427246094,163.3800048828125,158.9499969482422,3733800.0,150.3241424560547
2016-09-30,162.41000366210938,157.8000030517578,159.9499969482422,161.27000427246094,4497200.0,152.5182342529297
2016-10-03,161.72000122070312,160.25,160.5,161.07000732421875,2444700.0,152.32913208007812
2016-10-04,164.14999389648438,161.22999572753906,161.24000549316406,162.27000427246094,2469900.0,153.4639892578125
2016-10-05,166.57000732421875,163.00999450683594,163.32000732421875,166.39999389648438,2548200.0,157.36984252929688
2016-10-06,167.2899932861328,164.82000732421875,167.17999267578125,167.14999389648438,2858000.0,158.07916259765625
2016-10-07,169.97999572753906,166.24000549316406,167.5,169.8300018310547,3390200.0,160.6137237548828
2016-10-10,171.75,170.10000610351562,170.52000427246094,171.0399932861328,2532000.0,161.75804138183594
2016-10-11,170.8699951171875,167.91000366210938,169.83999633789062,169.0399932861328,2680000.0,159.86660766601562
2016-10-12,169.99000549316406,168.3000030517578,169.0399932861328,169.3000030517578,2404000.0,160.1124725341797
2016-10-13,167.6300048828125,165.50999450683594,167.60000610351562,167.4199981689453,2713700.0,158.33448791503906
2016-10-14,172.9499969482422,169.11000061035156,171.60000610351562,170.52000427246094,5282300.0,161.26629638671875
2016-10-17,171.27000427246094,168.4499969482422,170.5,169.0,3061400.0,159.82876586914062
2016-10-18,173.47000122070312,171.10000610351562,172.00999450683594,172.6300048828125,4482500.0,163.2617645263672
2016-10-19,175.67999267578125,173.17999267578125,173.3699951171875,174.50999450683594,3676000.0,165.0397491455078
2016-10-20,175.7899932861328,173.8000030517578,174.0,174.50999450683594,2471100.0,165.0397491455078
2016-10-21,174.89999389648438,172.50999450683594,172.83999633789062,174.6699981689453,2004400.0,165.19105529785156
2016-10-24,175.7899932861328,174.35000610351562,175.5,175.1199951171875,1943200.0,165.6166229248047
2016-10-25,175.9600067138672,174.63999938964844,175.0399932861328,175.5500030517578,2423300.0,166.02330017089844
2016-10-26,177.89999389648438,173.92999267578125,174.7899932861328,177.07000732421875,2533800.0,167.46083068847656
2016-10-27,178.85000610351562,176.57000732421875,178.19000244140625,177.75,3021900.0,168.10391235351562
2016-10-28,178.50999450683594,175.4600067138672,178.50999450683594,177.13999938964844,2042800.0,167.5270233154297
2016-10-31,178.5,177.22999572753906,177.67999267578125,178.24000549316406,1828200.0,168.5673370361328
2016-11-01,179.17999267578125,176.61000061035156,179.0,178.05999755859375,2900600.0,168.39707946777344
2016-11-02,177.5,176.07000732421875,177.07000732421875,176.5800018310547,2104800.0,166.99737548828125
2016-11-03,177.97000122070312,176.2100067138672,176.77000427246094,176.2100067138672,1972700.0,166.64747619628906
2016-11-04,177.33999633789062,174.72999572753906,176.3300018310547,175.9199981689453,1846500.0,166.37322998046875
2016-11-07,181.5,179.0,179.0,181.47999572753906,3338800.0,171.6315155029297
2016-11-08,182.67999267578125,178.4600067138672,180.11000061035156,181.9199981689453,2646200.0,172.047607421875
2016-11-09,193.5399932861328,183.4499969482422,185.0,192.6300048828125,7823800.0,182.17642211914062
2016-11-10,204.6699981689453,194.0,194.52999877929688,200.8699951171875,11345400.0,189.96923828125
2016-11-11,205.0,198.25,198.25,203.94000244140625,6290200.0,192.87261962890625
2016-11-14,211.77000427246094,204.14999389648438,204.14999389648438,209.17999267578125,8248100.0,197.82826232910156
2016-11-15,211.1999969482422,205.1699981689453,206.55999755859375,211.19000244140625,4893800.0,199.72921752929688
2016-11-16,208.0800018310547,204.8300018310547,207.35000610351562,206.25999450683594,5276200.0,195.0667266845703
2016-11-17,209.69000244140625,205.6699981689453,206.25999450683594,209.6300048828125,3572400.0,198.2538604736328
2016-11-18,212.07000732421875,209.72000122070312,209.8699951171875,210.35000610351562,4278200.0,198.9347686767578
2016-11-21,211.69000244140625,209.17999267578125,211.4600067138672,211.0800018310547,2860200.0,199.6251983642578
2016-11-22,211.9499969482422,209.88999938964844,211.36000061035156,211.11000061035156,2945700.0,199.65353393554688
2016-11-23,213.41000366210938,209.3699951171875,211.5,212.30999755859375,3717400.0,200.78842163085938
2016-11-25,212.75,211.0,211.36000061035156,211.3800048828125,1974000.0,199.9088897705078
2016-11-28,211.75999450683594,209.60000610351562,210.0,210.35000610351562,3297400.0,198.9347686767578
2016-11-29,212.9199981689453,209.9199981689453,209.99000549316406,211.75,2577600.0,200.87953186035156
2016-11-30,220.77000427246094,214.97000122070312,215.1999969482422,219.2899932861328,6507900.0,208.03245544433594
2016-12-01,227.16000366210938,220.35000610351562,220.92999267578125,226.6300048828125,7606500.0,214.9956512451172
2016-12-02,226.25,221.22000122070312,226.0,223.36000061035156,5297400.0,211.89353942871094
2016-12-05,229.1999969482422,225.24000549316406,225.52000427246094,228.5500030517578,4599300.0,216.81712341308594
2016-12-06,232.6699981689453,227.89999389648438,230.17999267578125,231.3800048828125,5259300.0,219.5018310546875
2016-12-07,236.08999633789062,230.39999389648438,230.39999389648438,235.55999755859375,6595200.0,223.46722412109375
2016-12-08,242.4199981689453,236.0,236.8800048828125,241.4499969482422,7343700.0,229.05484008789062
2016-12-09,242.0,238.8800048828125,240.61000061035156,241.85000610351562,5456000.0,229.434326171875
2016-12-12,242.8300018310547,236.3699951171875,240.5,237.1699981689453,5022000.0,224.9945831298828
2016-12-13,240.17999267578125,235.50999450683594,239.0,238.5500030517578,4680500.0,226.30374145507812
2016-12-14,243.1199951171875,235.3699951171875,235.6699981689453,239.92999267578125,6172400.0,227.61289978027344
2016-12-15,245.57000732421875,241.6199951171875,242.49000549316406,243.0,4829700.0,230.52528381347656
2016-12-16,243.19000244140625,238.39999389648438,242.8000030517578,238.89999389648438,6876400.0,226.6357421875
2016-12-19,239.74000549316406,236.25999450683594,238.33999633789062,239.07000732421875,3743300.0,226.79702758789062
2016-12-20,243.64999389648438,240.22999572753906,240.52000427246094,243.08999633789062,4487700.0,230.61065673828125
2016-12-21,242.39999389648438,240.0800018310547,242.24000549316406,241.44000244140625,3277800.0,229.0453643798828
2016-12-22,242.86000061035156,239.5500030517578,241.22999572753906,240.1199951171875,2636500.0,227.7931365966797
2016-12-23,241.89999389648438,238.91000366210938,239.5399932861328,240.97000122070312,2187500.0,228.59947204589844
2016-12-27,242.58999633789062,240.39999389648438,241.9499969482422,241.55999755859375,1998200.0,229.15921020507812
2016-12-28,244.5,240.44000244140625,243.69000244140625,240.64999389648438,3053000.0,228.2959442138672
2016-12-29,241.07000732421875,236.63999938964844,240.75,238.17999267578125,2619000.0,225.9527587890625
2016-12-30,240.5,237.39999389648438,238.50999450683594,239.4499969482422,2355500.0,227.15756225585938
2017-01-03,244.97000122070312,237.97000122070312,242.6999969482422,241.57000732421875,4384200.0,229.16871643066406
2017-01-04,243.32000732421875,240.02999877929688,241.44000244140625,243.1300048828125,2728700.0,230.6486053466797
2017-01-05,243.22999572753906,236.77999877929688,242.72000122070312,241.32000732421875,3562600.0,228.9315185546875
2017-01-06,246.1999969482422,241.3699951171875,242.2899932861328,244.89999389648438,3591100.0,232.32774353027344
2017-01-09,244.69000244140625,241.47000122070312,243.25,242.88999938964844,3022800.0,230.42091369628906
2017-01-10,243.44000244140625,239.0500030517578,240.8699951171875,242.57000732421875,3432900.0,230.1173553466797
2017-01-11,245.83999633789062,242.0,242.77000427246094,245.75999450683594,3532600.0,233.14361572265625
2017-01-12,245.47000122070312,241.57000732421875,245.05999755859375,243.83999633789062,4022300.0,231.32217407226562
2017-01-13,247.77000427246094,242.91000366210938,245.42999267578125,244.3000030517578,4186100.0,231.75852966308594
2017-01-17,243.05999755859375,235.61000061035156,242.94000244140625,235.74000549316406,6277200.0,223.63796997070312
2017-01-18,237.69000244140625,231.52000427246094,236.0,234.2899932861328,7590500.0,222.2624053955078
2017-01-19,234.75,230.6199951171875,234.07000732421875,231.41000366210938,4561800.0,219.53028869628906
2017-01-20,233.22999572753906,230.5399932861328,231.6199951171875,232.1999969482422,5211800.0,220.27969360351562
2017-01-23,233.75,230.75,231.86000061035156,232.6699981689453,3136200.0,220.7255859375
2017-01-24,236.05999755859375,230.83999633789062,231.86000061035156,233.67999267578125,4448200.0,221.6837158203125
2017-01-25,237.3300018310547,234.49000549316406,235.52999877929688,237.25,3716800.0,225.07044982910156
2017-01-26,240.7899932861328,237.47000122070312,237.47000122070312,239.5800018310547,4195600.0,227.2808380126953
2017-01-27,237.97000122070312,236.00999450683594,236.89999389648438,236.9499969482422,3253100.0,224.78587341308594
2017-01-30,236.2899932861328,231.52000427246094,235.5800018310547,233.89999389648438,3803300.0,221.89242553710938
2017-01-31,234.35000610351562,228.16000366210938,232.85000610351562,229.32000732421875,5156400.0,217.54754638671875
2017-02-01,232.86000061035156,229.52000427246094,230.50999450683594,230.6699981689453,4024500.0,218.8282470703125
2017-02-02,232.3300018310547,227.0500030517578,228.50999450683594,230.41000366210938,2775700.0,218.58160400390625
2017-02-03,241.11000061035156,234.1999969482422,234.52000427246094,240.9499969482422,7381000.0,228.58050537109375
2017-02-06,243.64999389648438,239.1699981689453,239.60000610351562,239.97999572753906,4639200.0,227.6603240966797
2017-02-07,241.44000244140625,239.38999938964844,241.14999389648438,239.6199951171875,2660200.0,227.31881713867188
2017-02-08,238.94000244140625,236.30999755859375,238.3000030517578,237.72999572753906,2744700.0,225.5258026123047
2017-02-09,243.2899932861328,237.4199981689453,237.72999572753906,241.5500030517578,3550800.0,229.1497344970703
2017-02-10,244.16000366210938,241.22999572753906,243.3699951171875,242.72000122070312,3072800.0,230.25965881347656
2017-02-13,247.47999572753906,244.49000549316406,244.49000549316406,246.27000427246094,2998200.0,233.62741088867188
2017-02-14,250.0,245.69000244140625,246.00999450683594,249.4600067138672,4141500.0,236.65367126464844
2017-02-15,251.9499969482422,248.50999450683594,250.5800018310547,250.5399932861328,4296600.0,237.67822265625
2017-02-16,250.77999877929688,248.44000244140625,250.3000030517578,249.44000244140625,2286300.0,236.63465881347656
2017-02-17,250.55999755859375,247.11000061035156,247.50999450683594,250.3800048828125,3262300.0,237.5264434814453
2017-02-21,252.64999389648438,250.7100067138672,251.0,251.75999450683594,2794900.0,238.8355712890625
2017-02-22,252.35000610351562,250.0,250.05999755859375,251.72999572753906,2378800.0,238.80712890625
2017-02-23,251.89999389648438,249.32000732421875,251.30999755859375,251.19000244140625,2594700.0,238.29483032226562
2017-02-24,248.8800048828125,246.10000610351562,247.6999969482422,247.35000610351562,3565400.0,234.65196228027344
2017-02-27,249.75999450683594,246.61000061035156,247.2100067138672,249.3300018310547,2372600.0,236.53033447265625
2017-02-28,249.0,245.61000061035156,248.0,248.05999755859375,3627100.0,235.9405975341797
2017-03-01,255.14999389648438,251.25999450683594,253.7100067138672,252.7100067138672,5218300.0,240.36346435546875
2017-03-02,254.24000549316406,250.97000122070312,253.52000427246094,251.05999755859375,3020000.0,238.79403686523438
2017-03-03,254.75,251.05999755859375,251.05999755859375,252.88999938964844,3163700.0,240.53463745117188
2017-03-06,252.72999572753906,250.5,252.1699981689453,252.00999450683594,2467000.0,239.6976318359375
2017-03-07,253.0,250.30999755859375,252.49000549316406,250.89999389648438,2497300.0,238.64186096191406
2017-03-08,254.77000427246094,249.61000061035156,253.6199951171875,250.24000549316406,3574400.0,238.01412963867188
2017-03-09,252.74000549316406,249.52000427246094,251.22000122070312,250.17999267578125,3061500.0,237.95701599121094
2017-03-10,251.89999389648438,246.8699951171875,251.83999633789062,248.3800048828125,3365900.0,236.24502563476562
2017-03-13,249.32000732421875,247.2100067138672,249.32000732421875,248.16000366210938,1801100.0,236.03573608398438
2017-03-14,247.8300018310547,245.41000366210938,246.80999755859375,247.72000122070312,2144200.0,235.6172332763672
2017-03-15,250.27999877929688,245.55999755859375,248.35000610351562,246.77999877929688,3427000.0,234.72317504882812
2017-03-16,250.1999969482422,247.30999755859375,247.85000610351562,248.22000122070312,2940600.0,236.09280395507812
2017-03-17,249.67999267578125,243.86000061035156,249.67999267578125,243.94000244140625,5438100.0,232.02188110351562
2017-03-20,244.92999267578125,241.52000427246094,243.32000732421875,242.13999938964844,2759100.0,230.30984497070312
2017-03-21,243.30999755859375,232.7899932861328,243.30999755859375,233.0,5660900.0,221.61639404296875
2017-03-22,232.9199981689453,229.16000366210938,231.22000122070312,231.07000732421875,6291300.0,219.7807159423828
2017-03-23,234.6300048828125,229.9499969482422,230.75,231.89999389648438,4770700.0,220.57015991210938
2017-03-24,233.6999969482422,226.97000122070312,233.0,228.41000366210938,6387300.0,217.2506561279297
2017-03-27,227.07000732421875,220.85000610351562,223.3000030517578,225.47999572753906,9194800.0,214.4637908935547
2017-03-28,229.75,225.10000610351562,225.5800018310547,229.3300018310547,4471200.0,218.1256866455078
2017-03-29,229.97000122070312,227.52000427246094,229.38999938964844,228.4499969482422,2636000.0,217.2886962890625
2017-03-30,232.0,229.3800048828125,229.47999572753906,231.22000122070312,3156800.0,219.92337036132812
2017-03-31,230.8000030517578,228.72999572753906,230.52999877929688,229.72000122070312,2858400.0,218.4966583251953
2017-04-03,230.10000610351562,225.57000732421875,230.0,228.9600067138672,3735600.0,217.77374267578125
2017-04-04,230.69000244140625,227.27999877929688,227.72000122070312,229.25999450683594,3042700.0,218.05911254882812
2017-04-05,232.88999938964844,227.30999755859375,232.14999389648438,227.66000366210938,5286900.0,216.5373077392578
2017-04-06,230.1199951171875,225.7100067138672,227.08999633789062,228.63999938964844,2927200.0,217.4694061279297
2017-04-07,228.8300018310547,226.22999572753906,226.60000610351562,227.8800048828125,2853300.0,216.74655151367188
2017-04-10,229.7899932861328,226.9499969482422,228.0,228.88999938964844,2653900.0,217.70721435546875
2017-04-11,229.39999389648438,225.38999938964844,227.77999877929688,227.74000549316406,3374700.0,216.61337280273438
2017-04-12,228.25,225.22999572753906,227.64999389648438,225.75,2947500.0,214.7205810546875
2017-04-13,228.1699981689453,223.0800018310547,225.17999267578125,223.32000732421875,3653700.0,212.4093475341797
2017-04-17,226.8800048828125,223.02000427246094,223.89999389648438,226.25999450683594,4190900.0,215.2056884765625
2017-04-18,219.88999938964844,213.17999267578125,219.32000732421875,215.58999633789062,12464000.0,205.05699157714844
2017-04-19,217.17999267578125,213.61000061035156,215.8699951171875,214.08999633789062,6428800.0,203.6302947998047
2017-04-20,218.97999572753906,215.0,215.5,218.05999755859375,5168200.0,207.40631103515625
2017-04-21,219.17999267578125,216.3800048828125,218.5500030517578,216.86000061035156,3845700.0,206.2649383544922
2017-04-24,224.80999755859375,220.3000030517578,221.17999267578125,223.22000122070312,5353500.0,212.31422424316406
2017-04-25,227.97999572753906,225.14999389648438,226.1999969482422,226.6300048828125,3996900.0,215.55763244628906
2017-04-26,229.36000061035156,226.08999633789062,227.10000610351562,226.1999969482422,3765300.0,215.1486053466797
2017-04-27,226.6999969482422,223.52000427246094,226.6999969482422,225.80999755859375,2805800.0,214.7776641845703
2017-04-28,226.77000427246094,223.72000122070312,225.30999755859375,223.8000030517578,2936600.0,212.86590576171875
2017-05-01,226.38999938964844,220.92999267578125,224.89999389648438,224.85000610351562,3004800.0,213.8645782470703
2017-05-02,225.83999633789062,223.17999267578125,224.86000061035156,225.1199951171875,2602400.0,214.1213836669922
2017-05-03,226.69000244140625,224.32000732421875,224.4499969482422,226.30999755859375,3042200.0,215.25323486328125
2017-05-04,228.88999938964844,224.80999755859375,228.25999450683594,226.58999633789062,2935400.0,215.51956176757812
2017-05-05,227.47000122070312,225.3000030517578,226.8800048828125,226.8699951171875,2435800.0,215.785888671875
2017-05-08,227.33999633789062,224.60000610351562,226.75,225.02999877929688,2316800.0,214.03579711914062
2017-05-09,226.57000732421875,222.92999267578125,225.47000122070312,223.75999450683594,2145400.0,212.82781982421875
2017-05-10,225.35000610351562,223.05999755859375,223.4600067138672,224.8800048828125,2630400.0,213.8931121826172
2017-05-11,225.08999633789062,222.14999389648438,224.35000610351562,224.75999450683594,2440300.0,213.77899169921875
2017-05-12,224.49000549316406,222.47999572753906,223.49000549316406,222.82000732421875,2166100.0,211.93377685546875
2017-05-15,226.57000732421875,222.85000610351562,223.1300048828125,225.1199951171875,2468100.0,214.1213836669922
2017-05-16,226.82000732421875,224.41000366210938,225.44000244140625,225.60000610351562,1710700.0,214.57791137695312
2017-05-17,225.60000610351562,213.1199951171875,225.60000610351562,213.72000122070312,7525700.0,203.2783660888672
2017-05-18,217.61000061035156,213.86000061035156,214.0,215.16000366210938,4792400.0,204.6479949951172
2017-05-19,217.8000030517578,214.0,214.8699951171875,215.38999938964844,3747100.0,204.86676025390625
2017-05-22,217.63999938964844,215.39999389648438,217.3699951171875,216.02000427246094,2506100.0,205.4659881591797
2017-05-23,220.7899932861328,214.66000366210938,215.97000122070312,219.63999938964844,3308800.0,208.90911865234375
2017-05-24,224.39999389648438,219.4499969482422,220.0,223.8300018310547,4141600.0,212.8944091796875
2017-05-25,225.4499969482422,222.3000030517578,224.41000366210938,222.47000122070312,2640000.0,211.6008758544922
2017-05-26,224.22999572753906,221.17999267578125,222.00999450683594,223.52999877929688,1787100.0,212.6090545654297
2017-05-30,222.44000244140625,218.00999450683594,221.8300018310547,218.4199981689453,3097800.0,208.4481201171875
2017-05-31,218.3000030517578,209.6199951171875,218.24000549316406,211.25999450683594,8312000.0,201.61500549316406
2017-06-01,215.92999267578125,210.7899932861328,212.61000061035156,215.00999450683594,4057900.0,205.1938018798828
2017-06-02,215.2100067138672,211.91000366210938,212.94000244140625,213.30999755859375,3692000.0,203.5714111328125
2017-06-05,215.80999755859375,212.67999267578125,213.0800018310547,213.99000549316406,2696600.0,204.22035217285156
2017-06-06,216.02000427246094,212.47999572753906,212.50999450683594,214.52999877929688,2891300.0,204.73573303222656
2017-06-07,217.22999572753906,214.30999755859375,215.3699951171875,215.77999877929688,2679400.0,205.92864990234375
2017-06-08,221.0,214.6300048828125,215.77999877929688,218.75999450683594,3765600.0,208.77261352539062
2017-06-09,223.85000610351562,219.75,220.8300018310547,222.44000244140625,4455400.0,212.28457641601562
2017-06-12,225.22999572753906,221.91000366210938,223.6300048828125,221.91000366210938,3388200.0,211.77879333496094
2017-06-13,226.8000030517578,222.77000427246094,223.35000610351562,224.1999969482422,2767800.0,213.96424865722656
2017-06-14,226.94000244140625,221.75999450683594,222.99000549316406,226.50999450683594,3652900.0,216.16879272460938
2017-06-15,226.35000610351562,222.8000030517578,224.80999755859375,223.22999572753906,3378900.0,213.0385284423828
2017-06-16,223.6699981689453,221.1300048828125,222.64999389648438,221.80999755859375,3758300.0,211.683349609375
2017-06-19,227.0399932861328,223.11000061035156,223.42999267578125,226.1300048828125,2900900.0,215.80615234375
2017-06-20,226.5399932861328,224.19000244140625,225.50999450683594,225.10000610351562,2264200.0,214.82315063476562
2017-06-21,224.92999267578125,221.92999267578125,224.5399932861328,222.49000549316406,3015300.0,212.33233642578125
2017-06-22,221.89999389648438,219.2899932861328,221.44000244140625,219.77000427246094,3344600.0,209.7364959716797
2017-06-23,220.69000244140625,216.4600067138672,220.5,217.19000244140625,4448700.0,207.27426147460938
2017-06-26,221.97000122070312,217.6999969482422,218.25999450683594,220.44000244140625,2589500.0,210.37588500976562
2017-06-27,222.41000366210938,219.55999755859375,221.83999633789062,220.27999877929688,2899400.0,210.22320556640625
2017-06-28,224.6300048828125,220.75,221.8699951171875,223.22000122070312,3482800.0,213.0289764404297
2017-06-29,228.7899932861328,223.02999877929688,228.3699951171875,224.41000366210938,5063400.0,214.1646728515625
2017-06-30,226.0500030517578,221.5399932861328,225.30999755859375,221.89999389648438,3154300.0,211.76927185058594
2017-07-03,229.07000732421875,223.4199981689453,224.4600067138672,227.27999877929688,2846600.0,216.90362548828125
2017-07-05,228.9199981689453,225.2100067138672,228.3800048828125,228.0399932861328,2772000.0,217.62890625
2017-07-06,230.05999755859375,225.25,227.97000122070312,226.69000244140625,3076600.0,216.34054565429688
2017-07-07,228.49000549316406,224.4199981689453,228.22999572753906,225.27999877929688,2697600.0,214.99496459960938
2017-07-10,227.33999633789062,223.9600067138672,224.27000427246094,225.83999633789062,2357500.0,215.5293426513672
2017-07-11,227.9499969482422,224.6699981689453,226.0399932861328,226.9499969482422,2742900.0,216.5886688232422
2017-07-12,229.02000427246094,226.07000732421875,226.39999389648438,227.38999938964844,2567300.0,217.00860595703125
2017-07-13,230.63999938964844,226.9499969482422,227.38999938964844,230.39999389648438,2852600.0,219.8811798095703
2017-07-14,229.61000061035156,225.10000610351562,227.22000122070312,228.60000610351562,3703600.0,218.1633758544922
2017-07-17,229.63999938964844,227.2100067138672,228.72999572753906,229.25999450683594,2551800.0,218.7932586669922
2017-07-18,230.36000061035156,222.75999450683594,227.5,223.30999755859375,6400700.0,213.11485290527344
2017-07-19,224.1999969482422,221.6699981689453,222.91000366210938,222.8699951171875,4884600.0,212.69497680664062
2017-07-20,224.75999450683594,221.61000061035156,223.0,222.3000030517578,3497800.0,212.15097045898438
2017-07-21,222.30999755859375,219.08999633789062,221.88999938964844,220.17999267578125,3446600.0,210.12777709960938
2017-07-24,219.72999572753906,218.0,218.94000244140625,218.17999267578125,3123100.0,208.21908569335938
2017-07-25,222.8699951171875,220.17999267578125,220.33999633789062,221.5800018310547,3509500.0,211.46385192871094
2017-07-26,223.74000549316406,221.8699951171875,222.4499969482422,222.25,2792500.0,212.10325622558594
2017-07-27,222.7100067138672,220.42999267578125,221.83999633789062,221.47999572753906,2812500.0,211.36843872070312
2017-07-28,223.6699981689453,220.86000061035156,221.77000427246094,223.61000061035156,2483200.0,213.40118408203125
2017-07-31,225.5,223.0500030517578,223.9499969482422,225.3300018310547,1994900.0,215.04266357421875
2017-08-01,228.6199951171875,226.72999572753906,227.08999633789062,227.0,2986800.0,216.63641357421875
2017-08-02,227.72999572753906,225.57000732421875,226.39999389648438,226.27000427246094,1863300.0,215.9397430419922
2017-08-03,226.74000549316406,223.97000122070312,226.0,223.99000549316406,2106400.0,213.76382446289062
2017-08-04,229.7899932861328,225.05999755859375,226.0500030517578,229.7899932861328,3400300.0,219.29904174804688
2017-08-07,233.1300048828125,229.2899932861328,229.8000030517578,232.9199981689453,3809800.0,222.2861328125
2017-08-08,235.8300018310547,231.6999969482422,232.39999389648438,232.0500030517578,3322500.0,221.45587158203125
2017-08-09,231.49000549316406,229.05999755859375,230.32000732421875,231.00999450683594,2571100.0,220.4633331298828
2017-08-10,229.4499969482422,225.47000122070312,229.02000427246094,225.5,3325500.0,215.20489501953125
2017-08-11,226.67999267578125,222.64999389648438,225.07000732421875,224.14999389648438,2956600.0,213.91653442382812
2017-08-14,229.8300018310547,226.3000030517578,226.3699951171875,227.36000061035156,2266100.0,216.97994995117188
2017-08-15,230.61000061035156,227.5,229.57000732421875,227.58999633789062,1867000.0,217.19944763183594
2017-08-16,229.00999450683594,225.0,228.25999450683594,225.61000061035156,2393900.0,215.3098602294922
2017-08-17,225.97999572753906,221.11000061035156,224.3800048828125,221.4199981689453,3460300.0,211.31114196777344
2017-08-18,224.08999633789062,220.5500030517578,220.7899932861328,222.14999389648438,3149300.0,212.00782775878906
2017-08-21,222.39999389648438,219.2100067138672,222.39999389648438,220.7899932861328,2203300.0,210.70989990234375
2017-08-22,223.77999877929688,221.3300018310547,221.86000061035156,223.5800018310547,2021300.0,213.37252807617188
2017-08-23,224.80999755859375,221.3300018310547,221.89999389648438,222.74000549316406,2568000.0,212.57089233398438
2017-08-24,224.57000732421875,222.58999633789062,223.77000427246094,222.99000549316406,2263000.0,212.8094940185547
2017-08-25,224.9499969482422,222.1300048828125,223.63999938964844,222.47000122070312,2232500.0,212.31321716308594
2017-08-28,223.08999633789062,218.86000061035156,222.91000366210938,220.35000610351562,2641600.0,210.29002380371094
2017-08-29,220.1300048828125,215.75,217.27000427246094,219.9600067138672,2369100.0,210.634765625
2017-08-30,224.22000122070312,220.08999633789062,220.25,222.4199981689453,2411400.0,212.99044799804688
2017-08-31,224.49000549316406,222.5800018310547,223.25,223.74000549316406,2240600.0,214.25450134277344
2017-09-01,227.55999755859375,223.52999877929688,224.5500030517578,225.8800048828125,2346900.0,216.30374145507812
2017-09-05,224.0,217.3000030517578,223.85000610351562,217.77999877929688,5646200.0,208.5471649169922
2017-09-06,221.02000427246094,217.61000061035156,218.97999572753906,218.8300018310547,3613600.0,209.5526580810547
2017-09-07,218.80999755859375,214.63999938964844,218.72999572753906,215.83999633789062,3594600.0,206.6894073486328
2017-09-08,219.27999877929688,215.39999389648438,215.50999450683594,217.2100067138672,3120900.0,208.0013427734375
2017-09-11,221.88999938964844,218.99000549316406,220.07000732421875,221.05999755859375,2971500.0,211.68809509277344
2017-09-12,227.69000244140625,222.02000427246094,222.5399932861328,225.9499969482422,3745800.0,216.37081909179688
2017-09-13,227.13999938964844,224.72000122070312,225.25,226.55999755859375,2383500.0,216.95492553710938
2017-09-14,228.10000610351562,226.0500030517578,226.10000610351562,226.85000610351562,1986600.0,217.232666015625
2017-09-15,227.2100067138672,223.82000732421875,227.14999389648438,225.22000122070312,4365800.0,215.67173767089844
2017-09-18,229.0,225.66000366210938,226.3000030517578,227.52999877929688,2466800.0,217.88381958007812
2017-09-19,230.13999938964844,227.3300018310547,228.00999450683594,228.91000366210938,1858000.0,219.205322265625
2017-09-20,231.64999389648438,228.5,229.5,229.7899932861328,2682300.0,220.0479736328125
2017-09-21,232.10000610351562,229.39999389648438,229.88999938964844,231.2899932861328,1800800.0,221.48440551757812
2017-09-22,231.49000549316406,228.8800048828125,230.63999938964844,231.02999877929688,1861800.0,221.2354278564453
2017-09-25,231.86000061035156,228.36000061035156,230.77000427246094,230.25999450683594,2261800.0,220.49806213378906
2017-09-26,231.44000244140625,229.02999877929688,230.86000061035156,229.94000244140625,1770000.0,220.191650390625
2017-09-27,235.60000610351562,232.91000366210938,234.07000732421875,234.75999450683594,3072100.0,224.80731201171875
2017-09-28,236.1999969482422,233.5,235.0,235.47000122070312,2121800.0,225.4871826171875
2017-09-29,237.60000610351562,234.57000732421875,235.00999450683594,237.19000244140625,1902300.0,227.13427734375
2017-10-02,241.10000610351562,237.10000610351562,237.1999969482422,240.64999389648438,2501300.0,230.4475860595703
2017-10-03,242.7100067138672,239.69000244140625,241.07000732421875,241.6199951171875,2010800.0,231.37646484375
2017-10-04,242.8800048828125,240.1199951171875,241.6199951171875,240.30999755859375,1840400.0,230.1219940185547
2017-10-05,246.32000732421875,240.1199951171875,241.0,246.05999755859375,3521300.0,235.6282196044922
2017-10-06,247.0800018310547,244.61000061035156,246.3000030517578,246.02000427246094,2396100.0,235.5899200439453
2017-10-09,246.35000610351562,242.02000427246094,245.14999389648438,242.8000030517578,2165200.0,232.50645446777344
2017-10-10,243.72999572753906,241.6999969482422,242.8000030517578,242.60000610351562,2187100.0,232.31492614746094
2017-10-11,243.1999969482422,241.35000610351562,242.0,242.39999389648438,2175700.0,232.1234130859375
2017-10-12,243.4199981689453,238.75,242.3300018310547,239.8000030517578,2148200.0,229.63365173339844
2017-10-13,239.4499969482422,236.83999633789062,239.0,238.52999877929688,2491000.0,228.41746520996094
2017-10-16,242.75999450683594,238.35000610351562,238.60000610351562,242.41000366210938,2969200.0,232.13299560546875
2017-10-17,244.88999938964844,235.19000244140625,244.44000244140625,236.08999633789062,7088400.0,226.08091735839844
2017-10-18,242.64999389648438,236.8699951171875,236.8699951171875,242.02999877929688,4235900.0,231.7690887451172
2017-10-19,240.99000549316406,238.10000610351562,240.35000610351562,239.99000549316406,2710900.0,229.8155975341797
2017-10-20,245.25,240.6699981689453,242.9499969482422,244.72999572753906,3022800.0,234.35464477539062
2017-10-23,245.3300018310547,241.3800048828125,244.38999938964844,242.1300048828125,1963300.0,231.86485290527344
2017-10-24,246.25,243.0,243.60000610351562,244.83999633789062,2285300.0,234.4599609375
2017-10-25,246.5,240.8000030517578,246.16000366210938,241.7100067138672,2904300.0,231.46266174316406
2017-10-26,244.0,241.52999877929688,242.61000061035156,241.72000122070312,1948800.0,231.47222900390625
2017-10-27,242.44000244140625,239.6699981689453,240.85000610351562,241.7100067138672,2111500.0,231.46266174316406
2017-10-30,242.58999633789062,239.52999877929688,240.10000610351562,240.88999938964844,1764400.0,230.6774139404297
2017-10-31,244.17999267578125,240.6300048828125,240.67999267578125,242.47999572753906,2658700.0,232.1999969482422
2017-11-01,247.39999389648438,242.91000366210938,243.88999938964844,244.25999450683594,2969600.0,233.904541015625
2017-11-02,247.74000549316406,243.3800048828125,244.69000244140625,246.8800048828125,2509100.0,236.41346740722656
2017-11-03,246.27999877929688,243.19000244140625,245.3699951171875,244.39999389648438,1954600.0,234.03858947753906
2017-11-06,244.5800018310547,241.6699981689453,243.5,243.49000549316406,1744800.0,233.16720581054688
2017-11-07,244.97999572753906,238.83999633789062,243.91000366210938,239.80999755859375,2483900.0,229.64320373535156
2017-11-08,242.32000732421875,237.5500030517578,239.1999969482422,241.25,2349800.0,231.02215576171875
2017-11-09,242.3699951171875,237.83999633789062,239.50999450683594,240.7899932861328,2122400.0,230.58164978027344
2017-11-10,243.32000732421875,240.0,241.69000244140625,240.14999389648438,1845600.0,229.96878051757812
2017-11-13,240.89999389648438,237.16000366210938,237.97000122070312,240.27000427246094,1953900.0,230.08370971679688
2017-11-14,240.8800048828125,235.6300048828125,239.64999389648438,237.24000549316406,3000200.0,227.1821746826172
2017-11-15,238.14999389648438,233.5500030517578,234.97000122070312,237.61000061035156,2564100.0,227.5364990234375
2017-11-16,240.69000244140625,238.1999969482422,238.3800048828125,239.3699951171875,2304300.0,229.2218475341797
2017-11-17,239.0800018310547,237.1199951171875,238.86000061035156,238.02000427246094,2826400.0,227.9290771484375
2017-11-20,238.77999877929688,237.11000061035156,238.77999877929688,238.1300048828125,2000700.0,228.03440856933594
2017-11-21,239.58999633789062,237.5399932861328,239.41000366210938,238.02000427246094,2223800.0,227.9290771484375
2017-11-22,238.9499969482422,236.36000061035156,237.94000244140625,236.42999267578125,2177200.0,226.406494140625
2017-11-24,238.55999755859375,235.5500030517578,237.4199981689453,235.9499969482422,1268500.0,225.94683837890625
2017-11-27,236.8800048828125,234.8000030517578,235.75,235.11000061035156,1999600.0,225.1424560546875
2017-11-28,240.0,234.3300018310547,236.08999633789062,239.41000366210938,3212900.0,229.26016235351562
2017-11-29,244.47000122070312,240.39999389648438,241.25,241.36000061035156,4500000.0,231.85382080078125
2017-11-30,250.7899932861328,244.0,244.07000732421875,247.63999938964844,6364600.0,237.88645935058594
2017-12-01,250.67999267578125,244.00999450683594,249.77999877929688,248.9499969482422,4765400.0,239.14488220214844
2017-12-04,254.89999389648438,250.00999450683594,254.88999938964844,250.64999389648438,3326100.0,240.7779083251953
2017-12-05,251.35000610351562,247.41000366210938,250.8000030517578,248.3300018310547,2526800.0,238.54931640625
2017-12-06,248.0800018310547,245.1300048828125,246.24000549316406,245.9499969482422,2331400.0,236.2630157470703
2017-12-07,249.47999572753906,244.39999389648438,244.6199951171875,248.55999755859375,2667000.0,238.77023315429688
2017-12-08,250.67999267578125,247.1999969482422,250.5,250.35000610351562,1959100.0,240.48973083496094
2017-12-11,251.39999389648438,248.75999450683594,250.0,250.1300048828125,1494200.0,240.2783966064453
2017-12-12,258.20001220703125,250.69000244140625,250.80999755859375,257.67999267578125,3464200.0,247.5310516357422
2017-12-13,260.5,255.55999755859375,257.80999755859375,255.55999755859375,3482300.0,245.49453735351562
2017-12-14,259.54998779296875,255.47999572753906,257.1300048828125,255.47999572753906,3353200.0,245.41770935058594
2017-12-15,258.9700012207031,254.75999450683594,256.70001220703125,257.1700134277344,5283400.0,247.04115295410156
2017-12-18,262.0,259.1600036621094,260.0,260.0199890136719,2575600.0,249.77883911132812
2017-12-19,261.79998779296875,256.17999267578125,261.6000061035156,256.4800109863281,2195500.0,246.3782958984375
2017-12-20,259.0899963378906,254.5500030517578,258.8699951171875,255.17999267578125,2052400.0,245.12948608398438
2017-12-21,262.0899963378906,256.2799987792969,256.6099853515625,261.010009765625,3337800.0,250.72991943359375
2017-12-22,262.1400146484375,257.7200012207031,261.6600036621094,258.9700012207031,2100600.0,248.77024841308594
2017-12-26,259.20001220703125,256.0,258.19000244140625,257.7200012207031,1289300.0,247.5694580078125
2017-12-27,257.9800109863281,255.52000427246094,257.9800109863281,255.9499969482422,1567900.0,245.86917114257812
2017-12-28,257.0,255.10000610351562,256.9800109863281,256.5,1301000.0,246.3975372314453
2017-12-29,256.6499938964844,252.91000366210938,255.8699951171875,254.75999450683594,2519300.0,244.72604370117188
2018-01-02,257.9100036621094,253.9199981689453,257.7699890136719,255.6699981689453,2258300.0,245.60020446777344
2018-01-03,256.1400146484375,253.22000122070312,255.47999572753906,253.2899932861328,2988200.0,243.31394958496094
2018-01-04,259.7200012207031,254.32000732421875,255.22999572753906,256.8299865722656,2583200.0,246.71453857421875
2018-01-05,257.489990234375,253.69000244140625,257.17999267578125,255.52000427246094,2594700.0,245.45611572265625
2018-01-08,255.17999267578125,251.6199951171875,254.75,251.80999755859375,2940500.0,241.89222717285156
2018-01-09,255.60000610351562,252.6199951171875,252.8000030517578,253.94000244140625,2637300.0,243.93836975097656
2018-01-10,255.14999389648438,252.35000610351562,255.0,254.3300018310547,2927200.0,244.31298828125
2018-01-11,255.88999938964844,252.97000122070312,255.75,255.1300048828125,2422400.0,245.08148193359375
2018-01-12,257.29998779296875,254.08999633789062,255.75,257.0299987792969,2849200.0,246.9066619873047
2018-01-16,261.7699890136719,256.3999938964844,259.25,258.4599914550781,4445500.0,248.2803192138672
2018-01-17,262.0,248.83999633789062,260.9800109863281,253.64999389648438,8608100.0,243.65977478027344
2018-01-18,254.5399932861328,250.60000610351562,254.49000549316406,250.97000122070312,4984500.0,241.0853271484375
2018-01-19,256.1400146484375,250.25999450683594,251.0,256.1199951171875,4643400.0,246.032470703125
2018-01-22,262.8699951171875,255.19000244140625,255.4499969482422,261.5199890136719,5264700.0,251.21981811523438
2018-01-23,260.260009765625,256.8500061035156,258.0,260.0899963378906,4003600.0,249.84613037109375
2018-01-24,265.7799987792969,260.29998779296875,260.739990234375,265.67999267578125,4314000.0,255.21592712402344
2018-01-25,270.5,265.010009765625,266.3500061035156,269.0299987792969,5055000.0,258.4339599609375
2018-01-26,269.0,266.04998779296875,267.489990234375,268.1400146484375,3535400.0,257.5790710449219
2018-01-29,273.7900085449219,268.80999755859375,269.0400085449219,272.4800109863281,3881100.0,261.7481384277344
2018-01-30,272.0,267.1099853515625,270.3900146484375,268.94000244140625,3970400.0,258.3475341796875
2018-01-31,270.0,266.3299865722656,268.54998779296875,267.8900146484375,3710200.0,257.3389587402344
2018-02-01,272.5899963378906,266.0,266.1499938964844,272.2300109863281,3388200.0,261.5079650878906
2018-02-02,271.75,259.3500061035156,270.0,260.0400085449219,5913900.0,249.79811096191406
2018-02-05,263.29998779296875,241.5,257.510009765625,249.11000061035156,6528500.0,239.29859924316406
2018-02-06,258.75,242.11000061035156,244.2100067138672,258.70001220703125,6739900.0,248.51089477539062
2018-02-07,261.95001220703125,255.66000366210938,255.89999389648438,257.1000061035156,4125000.0,246.973876953125
2018-02-08,258.7799987792969,246.0500030517578,257.92999267578125,246.35000610351562,4166200.0,236.6472625732422
2018-02-09,251.6699981689453,239.2899932861328,249.6199951171875,249.3000030517578,5978600.0,239.48110961914062
2018-02-12,256.1499938964844,248.82000732421875,251.14999389648438,253.16000366210938,3692500.0,243.18907165527344
2018-02-13,256.3999938964844,250.5800018310547,252.00999450683594,255.52999877929688,2700500.0,245.46571350097656
2018-02-14,262.7099914550781,254.47999572753906,255.0,262.5799865722656,3793800.0,252.2379913330078
2018-02-15,268.0,262.9100036621094,265.760009765625,267.67999267578125,3523100.0,257.13714599609375
2018-02-16,269.2799987792969,265.8999938964844,265.989990234375,267.6199951171875,2602500.0,257.07952880859375
2018-02-20,268.8500061035156,263.30999755859375,266.8900146484375,264.8900146484375,2618400.0,254.4570770263672
2018-02-21,270.0,263.1300048828125,263.9200134277344,263.3999938964844,3017900.0,253.02572631835938
2018-02-22,266.32000732421875,260.7200012207031,264.3999938964844,261.42999267578125,2678900.0,251.1333465576172
2018-02-23,266.9800109863281,262.3999938964844,263.0,266.7699890136719,2507100.0,256.2630310058594
2018-02-26,271.7799987792969,266.7699890136719,267.5,271.260009765625,2751400.0,260.576171875
2018-02-27,273.1199951171875,267.92999267578125,271.0,267.92999267578125,3140600.0,257.3772888183594
2018-02-28,269.489990234375,262.57000732421875,269.1400146484375,262.92999267578125,3104300.0,253.28326416015625
2018-03-01,263.54998779296875,256.20001220703125,262.6099853515625,256.7799987792969,3483500.0,247.35888671875
2018-03-02,259.239990234375,252.10000610351562,255.0,258.1199951171875,3122800.0,248.64974975585938
2018-03-05,264.54998779296875,256.239990234375,256.4599914550781,263.1199951171875,2445800.0,253.4662628173828
2018-03-06,267.8699951171875,263.2099914550781,264.7699890136719,266.92999267578125,2217300.0,257.1364440917969
2018-03-07,266.42999267578125,260.95001220703125,262.69000244140625,265.3500061035156,2509400.0,255.614501953125
2018-03-08,268.1000061035156,262.6300048828125,266.4800109863281,266.3399963378906,2565400.0,256.56817626953125
2018-03-09,271.0899963378906,267.0400085449219,268.70001220703125,270.7699890136719,4410600.0,260.83563232421875
2018-03-12,275.30999755859375,270.7699890136719,271.0,273.3800048828125,3065600.0,263.349853515625
2018-03-13,275.0299987792969,267.44000244140625,274.3399963378906,268.5299987792969,2288100.0,258.67779541015625
2018-03-14,270.7799987792969,263.9100036621094,270.3999938964844,264.42999267578125,2478700.0,254.72821044921875
2018-03-15,269.0,265.3500061035156,265.7200012207031,266.6099853515625,2255200.0,256.8282165527344
2018-03-16,269.8500061035156,265.3299865722656,266.010009765625,267.6000061035156,4114400.0,257.7818908691406
2018-03-19,267.5,259.4700012207031,266.989990234375,262.5299987792969,2426900.0,252.8979034423828
2018-03-20,264.6400146484375,261.8900146484375,263.2900085449219,263.19000244140625,1514800.0,253.5337677001953
2018-03-21,266.489990234375,260.30999755859375,263.010009765625,261.8500061035156,2817600.0,252.24290466308594
2018-03-22,260.82000732421875,252.17999267578125,258.4200134277344,252.60000610351562,4489300.0,243.33226013183594
2018-03-23,253.99000549316406,244.92999267578125,253.6300048828125,245.25999450683594,3634200.0,236.2615509033203
2018-03-26,255.36000061035156,248.4499969482422,250.64999389648438,254.8800048828125,3787200.0,245.52862548828125
2018-03-27,257.05999755859375,245.61000061035156,255.88999938964844,247.25999450683594,2981500.0,238.1881866455078
2018-03-28,251.22999572753906,244.3699951171875,248.77999877929688,249.3699951171875,2660200.0,240.2207794189453
2018-03-29,252.97999572753906,248.3300018310547,250.7899932861328,251.86000061035156,3073900.0,242.61941528320312
2018-04-02,252.60000610351562,243.77000427246094,251.25999450683594,247.35000610351562,3429900.0,238.27488708496094
2018-04-03,250.88999938964844,245.89999389648438,248.61000061035156,250.5800018310547,2488200.0,241.3863983154297
2018-04-04,253.22000122070312,244.50999450683594,245.7100067138672,252.6199951171875,2853200.0,243.3515167236328
2018-04-05,258.0,253.39999389648438,254.5,255.80999755859375,1924800.0,246.42449951171875
2018-04-06,255.33999633789062,246.67999267578125,251.47999572753906,249.97000122070312,3621900.0,240.79876708984375
2018-04-09,257.5,249.1699981689453,251.47999572753906,252.19000244140625,3256700.0,242.93731689453125
2018-04-10,259.8900146484375,255.9499969482422,257.9599914550781,256.57000732421875,3113900.0,247.1566162109375
2018-04-11,254.8300018310547,249.7899932861328,252.58999633789062,252.94000244140625,3322000.0,243.6597900390625
2018-04-12,260.7300109863281,255.11000061035156,256.2699890136719,259.5899963378906,3059100.0,250.06578063964844
2018-04-13,262.5,254.5399932861328,261.94000244140625,255.9199981689453,3026200.0,246.53045654296875
2018-04-16,260.6600036621094,256.6600036621094,257.1300048828125,257.8800048828125,3257400.0,248.41854858398438
2018-04-17,262.25,252.33999633789062,261.6000061035156,253.6300048828125,10134400.0,244.32449340820312
2018-04-18,257.0199890136719,252.25,254.89999389648438,254.0,4524800.0,244.68089294433594
2018-04-19,256.1600036621094,252.8300018310547,254.0,254.1699981689453,3990000.0,244.84466552734375
2018-04-20,255.67999267578125,251.47999572753906,254.10000610351562,251.9600067138672,2930600.0,242.7157440185547
2018-04-23,252.75,246.19000244140625,251.66000366210938,246.6699981689453,3775900.0,237.6198272705078
2018-04-24,249.14999389648438,240.0399932861328,248.82000732421875,242.49000549316406,4705100.0,233.59320068359375
2018-04-25,242.4600067138672,237.50999450683594,242.19000244140625,239.22999572753906,5041400.0,230.4528045654297
2018-04-26,241.66000366210938,238.00999450683594,239.27000427246094,240.08999633789062,2891100.0,231.28125
2018-04-27,241.92999267578125,239.02000427246094,240.0,239.8000030517578,2136800.0,231.00189208984375
2018-04-30,243.07000732421875,238.22000122070312,240.97000122070312,238.3300018310547,2790500.0,229.5858154296875
2018-05-01,237.89999389648438,233.9600067138672,237.50999450683594,236.6699981689453,3269800.0,227.98672485351562
2018-05-02,237.91000366210938,233.4199981689453,236.60000610351562,234.0500030517578,3710900.0,225.46286010742188
2018-05-03,234.0,227.39999389648438,232.4499969482422,233.41000366210938,4511400.0,224.84634399414062
2018-05-04,236.7899932861328,232.27999877929688,232.30999755859375,234.94000244140625,2622300.0,226.32020568847656
2018-05-07,238.1699981689453,235.27999877929688,236.0,237.1999969482422,1979400.0,228.4972686767578
2018-05-08,240.66000366210938,236.0,238.24000549316406,237.0,3267000.0,228.30459594726562
2018-05-09,242.0500030517578,237.25,237.97999572753906,241.72999572753906,2434000.0,232.86106872558594
2018-05-10,245.4199981689453,240.16000366210938,242.11000061035156,243.44000244140625,2599000.0,234.50833129882812
2018-05-11,244.91000366210938,241.7100067138672,243.44000244140625,242.9199981689453,1540100.0,234.00741577148438
2018-05-14,245.8800048828125,243.5,243.60000610351562,243.91000366210938,1928500.0,234.9611053466797
2018-05-15,243.9499969482422,240.6699981689453,243.0,241.55999755859375,2165700.0,232.6973114013672
2018-05-16,241.83999633789062,240.58999633789062,241.27000427246094,240.9600067138672,1965200.0,232.11932373046875
2018-05-17,242.44000244140625,238.77999877929688,240.4199981689453,239.10000610351562,2462700.0,230.32757568359375
2018-05-18,238.74000549316406,236.8699951171875,238.10000610351562,237.0,2699000.0,228.30459594726562
2018-05-21,240.07000732421875,237.32000732421875,239.10000610351562,237.6999969482422,1951700.0,228.97894287109375
2018-05-22,240.6999969482422,237.97999572753906,238.6999969482422,238.0,2551500.0,229.26788330078125
2018-05-23,237.8699951171875,234.3800048828125,236.8800048828125,237.80999755859375,3114000.0,229.08489990234375
2018-05-24,237.1699981689453,233.64999389648438,236.60000610351562,236.10000610351562,2308700.0,227.43765258789062
2018-05-25,236.1199951171875,234.27999877929688,235.0,235.00999450683594,1985600.0,226.38763427734375
2018-05-29,232.47000122070312,225.02000427246094,231.52000427246094,227.02999877929688,5323600.0,218.70040893554688
2018-05-30,229.6699981689453,226.27999877929688,228.94000244140625,229.16000366210938,3348600.0,221.5328826904297
2018-05-31,228.11000061035156,224.08999633789062,227.33999633789062,225.8800048828125,5334900.0,218.362060546875
2018-06-01,230.25,228.08999633789062,228.39999389648438,228.35000610351562,3330900.0,220.7498779296875
2018-06-04,231.14999389648438,228.9499969482422,230.35000610351562,229.88999938964844,2133600.0,222.2386016845703
2018-06-05,229.33999633789062,227.2899932861328,228.94000244140625,228.33999633789062,1986200.0,220.74017333984375
2018-06-06,232.5800018310547,229.36000061035156,229.85000610351562,232.22999572753906,2566400.0,224.50070190429688
2018-06-07,235.9199981689453,232.5399932861328,233.88999938964844,233.4499969482422,2905000.0,225.68011474609375
2018-06-08,234.27000427246094,232.35000610351562,233.0,233.38999938964844,2253100.0,225.6221160888672
2018-06-11,235.16000366210938,233.58999633789062,234.6199951171875,234.08999633789062,1936800.0,226.29879760742188
2018-06-12,235.22999572753906,231.86000061035156,234.1199951171875,232.6300048828125,2080000.0,224.8874053955078
2018-06-13,238.22999572753906,233.10000610351562,233.64999389648438,233.8300018310547,3637400.0,226.04745483398438
2018-06-14,235.88999938964844,232.58999633789062,235.8699951171875,233.64999389648438,2899600.0,225.87344360351562
2018-06-15,233.14999389648438,229.83999633789062,231.5,231.9199981689453,4738100.0,224.20103454589844
2018-06-18,231.6699981689453,229.14999389648438,230.1999969482422,231.38999938964844,2327500.0,223.68865966796875
2018-06-19,229.0399932861328,226.16000366210938,228.22000122070312,228.32000732421875,3326600.0,220.72085571289062
2018-06-20,229.94000244140625,226.9600067138672,229.9199981689453,227.82000732421875,2678300.0,220.23748779296875
2018-06-21,228.42999267578125,224.57000732421875,226.38999938964844,226.97999572753906,3094600.0,219.42544555664062
2018-06-22,230.5,225.5800018310547,227.77999877929688,226.02000427246094,2731800.0,218.49740600585938
2018-06-25,225.13999938964844,220.38999938964844,224.5,221.5399932861328,3817700.0,214.16648864746094
2018-06-26,222.8000030517578,219.1199951171875,221.77999877929688,221.5800018310547,2692900.0,214.20518493652344
2018-06-27,225.47000122070312,220.13999938964844,221.47999572753906,220.17999267578125,3104200.0,212.8517608642578
2018-06-28,224.66000366210938,219.5800018310547,220.25,223.4199981689453,3072600.0,215.9839324951172
2018-06-29,225.1699981689453,220.4499969482422,224.39999389648438,220.57000732421875,3393700.0,213.2288055419922
2018-07-02,223.33999633789062,218.88999938964844,219.75,223.25999450683594,1723200.0,215.8292694091797
2018-07-03,224.63999938964844,219.99000549316406,224.4600067138672,220.3800048828125,1204400.0,213.0451202392578
2018-07-05,222.13999938964844,219.77999877929688,221.5,220.74000549316406,2218200.0,213.39315795898438
2018-07-06,223.1999969482422,219.8800048828125,220.5399932861328,221.7899932861328,1846400.0,214.40817260742188
2018-07-09,228.1999969482422,223.0,223.36000061035156,227.99000549316406,2743900.0,220.40182495117188
2018-07-10,228.8699951171875,225.85000610351562,228.0,226.85000610351562,2524800.0,219.29978942871094
2018-07-11,227.25,225.1999969482422,225.75999450683594,225.66000366210938,2527000.0,218.1493682861328
2018-07-12,227.8000030517578,225.77000427246094,227.63999938964844,227.22000122070312,2223100.0,219.65748596191406
2018-07-13,228.6199951171875,223.92999267578125,226.6300048828125,226.41000366210938,2541500.0,218.87440490722656
2018-07-16,231.44000244140625,226.74000549316406,227.1999969482422,231.44000244140625,3271200.0,223.73703002929688
2018-07-17,233.22999572753906,226.8699951171875,231.47999572753906,231.02000427246094,9280200.0,223.33099365234375
2018-07-18,233.72000122070312,230.14999389648438,232.33999633789062,231.24000549316406,6149900.0,223.54367065429688
2018-07-19,231.99000549316406,228.97999572753906,231.11000061035156,229.6300048828125,4638500.0,221.98727416992188
2018-07-20,232.0500030517578,228.8000030517578,229.00999450683594,231.69000244140625,2683500.0,223.97869873046875
2018-07-23,234.86000061035156,231.72000122070312,231.8000030517578,233.75999450683594,2788500.0,225.97979736328125
2018-07-24,237.47999572753906,234.33999633789062,234.75,235.8800048828125,2887400.0,228.0292205810547
2018-07-25,236.85000610351562,233.9499969482422,235.00999450683594,236.69000244140625,2181500.0,228.81228637695312
2018-07-26,238.33999633789062,236.42999267578125,237.0,237.11000061035156,1885500.0,229.21827697753906
2018-07-27,238.8000030517578,235.99000549316406,237.9600067138672,237.63999938964844,1998200.0,229.7306671142578
2018-07-30,239.72999572753906,236.88999938964844,238.0,238.9499969482422,2454100.0,230.99703979492188
2018-07-31,239.5,236.5500030517578,239.5,237.42999267578125,2503700.0,229.5276336669922
2018-08-01,239.39999389648438,235.77999877929688,238.5,236.0399932861328,2510500.0,228.1838836669922
2018-08-02,235.2100067138672,232.77000427246094,233.92999267578125,233.99000549316406,2579700.0,226.2021484375
2018-08-03,235.52000427246094,233.49000549316406,234.44000244140625,234.08999633789062,3053100.0,226.29879760742188
2018-08-06,236.97999572753906,234.02999877929688,234.13999938964844,235.92999267578125,2259600.0,228.07754516601562
2018-08-07,239.4600067138672,236.49000549316406,237.25,237.8300018310547,2399500.0,229.91433715820312
2018-08-08,239.16000366210938,236.22999572753906,238.1199951171875,236.3699951171875,2522400.0,228.50291442871094
2018-08-09,236.85000610351562,233.38999938964844,236.35000610351562,233.77999877929688,2951900.0,225.99911499023438
2018-08-10,231.4600067138672,228.11000061035156,230.97000122070312,229.61000061035156,3863400.0,221.96791076660156
2018-08-13,229.88999938964844,226.57000732421875,229.49000549316406,226.86000061035156,2662700.0,219.30943298339844
2018-08-14,230.3699951171875,227.3000030517578,227.35000610351562,229.55999755859375,2359000.0,221.91957092285156
2018-08-15,231.5399932861328,228.30999755859375,229.35000610351562,229.25,3218500.0,221.61988830566406
2018-08-16,233.2899932861328,230.4499969482422,230.6699981689453,233.0,2438300.0,225.2450714111328
2018-08-17,233.72000122070312,231.63999938964844,232.50999450683594,233.3800048828125,2107200.0,225.61245727539062
2018-08-20,235.97999572753906,234.0800018310547,234.1300048828125,235.77999877929688,2604900.0,227.93255615234375
2018-08-21,239.52999877929688,235.2899932861328,235.2899932861328,238.64999389648438,2437300.0,230.70704650878906
2018-08-22,239.6699981689453,237.5800018310547,237.88999938964844,239.33999633789062,1870900.0,231.37405395507812
2018-08-23,239.27999877929688,235.83999633789062,239.0500030517578,236.33999633789062,2064700.0,228.47390747070312
2018-08-24,237.8000030517578,234.6999969482422,237.36000061035156,235.11000061035156,1948100.0,227.28488159179688
2018-08-27,243.64999389648438,236.55999755859375,236.99000549316406,242.60000610351562,4106900.0,234.5255889892578
2018-08-28,245.0800018310547,241.58999633789062,243.05999755859375,242.3699951171875,2951000.0,234.30322265625
2018-08-29,242.7899932861328,240.30999755859375,242.0500030517578,241.39999389648438,1911700.0,234.13832092285156
2018-08-30,241.1199951171875,238.67999267578125,240.8000030517578,239.39999389648438,1963700.0,232.19850158691406
2018-08-31,239.35000610351562,237.1199951171875,238.94000244140625,237.80999755859375,1965500.0,230.65634155273438
2018-09-04,238.1199951171875,234.58999633789062,237.75999450683594,237.66000366210938,2083500.0,230.51083374023438
2018-09-05,239.4499969482422,236.1699981689453,237.00999450683594,237.55999755859375,2092000.0,230.41383361816406
2018-09-06,238.6300048828125,233.8800048828125,237.0,234.52000427246094,2651400.0,227.46530151367188
2018-09-07,235.63999938964844,232.67999267578125,235.0500030517578,233.91000366210938,1952900.0,226.8736572265625
2018-09-10,235.5,231.74000549316406,235.00999450683594,231.91000366210938,1948100.0,224.93382263183594
2018-09-11,231.64999389648438,228.66000366210938,230.6699981689453,230.2100067138672,2719400.0,223.2849578857422
2018-09-12,231.99000549316406,227.3000030517578,230.91000366210938,228.14999389648438,3577700.0,221.2869110107422
2018-09-13,229.85000610351562,227.57000732421875,229.5,228.3300018310547,3003600.0,221.46148681640625
2018-09-14,230.5500030517578,228.75999450683594,229.0800018310547,229.24000549316406,2228300.0,222.34414672851562
2018-09-17,230.16000366210938,227.3000030517578,229.39999389648438,227.88999938964844,1918800.0,221.0347442626953
2018-09-18,229.39999389648438,226.57000732421875,228.35000610351562,228.88999938964844,2498100.0,222.00466918945312
2018-09-19,236.27999877929688,229.52000427246094,229.89999389648438,235.5800018310547,3716500.0,228.49342346191406
2018-09-20,238.50999450683594,236.02999877929688,237.0,237.39999389648438,2503000.0,230.2586669921875
2018-09-21,238.52000427246094,234.8300018310547,238.05999755859375,235.33999633789062,3760300.0,228.26063537597656
2018-09-24,235.74000549316406,232.24000549316406,234.74000549316406,232.89999389648438,2057000.0,225.89402770996094
2018-09-25,234.63999938964844,232.22999572753906,234.63999938964844,232.5,2003200.0,225.5060577392578
2018-09-26,233.0,228.24000549316406,232.9600067138672,228.8800048828125,2372700.0,221.99496459960938
2018-09-27,229.85000610351562,227.52000427246094,228.77000427246094,227.74000549316406,2451500.0,220.88925170898438
2018-09-28,227.39999389648438,223.8000030517578,225.75,224.24000549316406,3097800.0,217.4945526123047
2018-10-01,227.58999633789062,225.0,226.22000122070312,225.3300018310547,2451300.0,218.55174255371094
2018-10-02,226.3300018310547,223.97000122070312,225.27999877929688,226.07000732421875,2272700.0,219.26950073242188
2018-10-03,229.77000427246094,226.5800018310547,227.75,227.77999877929688,2573900.0,220.9280548095703
2018-10-04,231.39999389648438,225.38999938964844,229.25999450683594,227.47999572753906,2903600.0,220.63706970214844
2018-10-05,228.41000366210938,224.2100067138672,228.0,225.7100067138672,1722400.0,218.9203338623047
2018-10-08,226.9199981689453,222.5,224.25999450683594,225.35000610351562,2522900.0,218.57113647460938
2018-10-09,225.1199951171875,222.52999877929688,224.99000549316406,222.91000366210938,1862900.0,216.2045440673828
2018-10-10,223.63999938964844,214.55999755859375,223.24000549316406,214.88999938964844,3955500.0,208.42579650878906
2018-10-11,216.02999877929688,210.9499969482422,214.1999969482422,212.97000122070312,6217400.0,206.5635528564453
2018-10-12,217.97999572753906,211.4600067138672,217.0,213.8699951171875,4161300.0,207.43646240234375
2018-10-15,217.13999938964844,213.0500030517578,214.4499969482422,215.22000122070312,3333800.0,208.74588012695312
2018-10-16,222.0,216.3000030517578,219.35000610351562,221.6999969482422,5924200.0,215.0309295654297
2018-10-17,228.89999389648438,220.0500030517578,220.52999877929688,228.27999877929688,4953700.0,221.4130096435547
2018-10-18,228.72999572753906,223.86000061035156,227.5,224.9499969482422,2995400.0,218.18316650390625
2018-10-19,228.3000030517578,224.19000244140625,225.25999450683594,226.9600067138672,2759100.0,220.13272094726562
2018-10-22,228.8699951171875,221.52000427246094,226.92999267578125,221.60000610351562,2736800.0,214.9339599609375
2018-10-23,219.52000427246094,214.32000732421875,216.58999633789062,218.55999755859375,3318200.0,211.98538208007812
2018-10-24,218.92999267578125,208.39999389648438,218.13999938964844,209.17999267578125,4152700.0,202.88754272460938
2018-10-25,215.69000244140625,210.33999633789062,211.27000427246094,214.00999450683594,3179700.0,207.57225036621094
2018-10-26,214.8000030517578,209.52999877929688,210.72999572753906,212.36000061035156,3557900.0,205.97190856933594
2018-10-29,218.2100067138672,212.0500030517578,214.14999389648438,214.49000549316406,3278200.0,208.037841796875
2018-10-30,220.35000610351562,215.0399932861328,215.99000549316406,219.27999877929688,3897400.0,212.68373107910156
2018-10-31,229.0,221.39999389648438,221.88999938964844,225.3699951171875,4369600.0,218.5905303955078
2018-11-01,228.8800048828125,225.47000122070312,225.75999450683594,226.97000122070312,2557600.0,220.1424102783203
2018-11-02,231.69000244140625,226.2899932861328,230.0,229.69000244140625,3699000.0,222.78057861328125
2018-11-05,231.10000610351562,226.9499969482422,228.32000732421875,228.72000122070312,2565200.0,221.83975219726562
2018-11-06,229.52000427246094,227.0500030517578,228.19000244140625,228.1999969482422,2275600.0,221.33541870117188
2018-11-07,232.8000030517578,226.89999389648438,230.0500030517578,231.27999877929688,3514300.0,224.32275390625
2018-11-08,234.05999755859375,230.60000610351562,231.0,231.64999389648438,2404800.0,224.68162536621094
2018-11-09,231.69000244140625,222.3000030517578,231.69000244140625,222.64999389648438,3721700.0,215.95236206054688
2018-11-12,222.30999755859375,205.1300048828125,222.0,206.0500030517578,11019400.0,199.8517303466797
2018-11-13,209.58999633789062,202.3300018310547,204.39999389648438,205.0500030517578,6984800.0,198.8817901611328
2018-11-14,207.33999633789062,198.44000244140625,206.24000549316406,202.49000549316406,5742500.0,196.3988037109375
2018-11-15,204.5,199.32000732421875,201.8000030517578,203.74000549316406,4260000.0,197.61122131347656
2018-11-16,204.74000549316406,200.35000610351562,202.92999267578125,202.1199951171875,2829600.0,196.03993225097656
2018-11-19,202.3000030517578,197.35000610351562,201.8300018310547,198.22000122070312,3419100.0,192.25726318359375
2018-11-20,195.88999938964844,190.35000610351562,195.10000610351562,191.33999633789062,5513800.0,185.58421325683594
2018-11-21,195.24000549316406,191.19000244140625,192.08999633789062,192.60000610351562,4111700.0,186.80630493164062
2018-11-23,191.8699951171875,188.94000244140625,191.61000061035156,189.10000610351562,1862600.0,183.41160583496094
2018-11-26,195.22999572753906,190.69000244140625,191.1699981689453,194.33999633789062,3143300.0,188.4939727783203
2018-11-27,194.6199951171875,191.55999755859375,193.39999389648438,193.64999389648438,2345400.0,187.82473754882812
2018-11-28,198.4499969482422,192.22999572753906,194.83999633789062,198.35000610351562,3762900.0,192.38333129882812
2018-11-29,197.4499969482422,193.16000366210938,196.02000427246094,194.85000610351562,2665700.0,189.75396728515625
2018-11-30,191.4499969482422,188.1199951171875,190.57000732421875,190.69000244140625,6220000.0,185.7027587890625
2018-12-03,195.66000366210938,191.6199951171875,194.0,191.6300048828125,4017000.0,186.61817932128906
2018-12-04,191.11000061035156,183.6300048828125,190.69000244140625,184.30999755859375,5797500.0,179.4896240234375
2018-12-06,184.8800048828125,180.14999389648438,181.3300018310547,184.08999633789062,5275500.0,179.27536010742188
2018-12-07,186.25,179.0,183.85000610351562,179.6699981689453,3921200.0,174.970947265625
2018-12-10,179.83999633789062,174.67999267578125,178.60000610351562,178.8300018310547,4528300.0,174.15293884277344
2018-12-11,184.42999267578125,175.4499969482422,182.14999389648438,176.8000030517578,4713900.0,172.176025390625
2018-12-12,180.0,176.47999572753906,178.5,176.6999969482422,3677300.0,172.07864379882812
2018-12-13,178.69000244140625,175.1199951171875,177.8300018310547,175.9199981689453,4008600.0,171.3190460205078
2018-12-14,176.25999450683594,172.3699951171875,174.33999633789062,172.77000427246094,5078300.0,168.25144958496094
2018-12-17,171.42999267578125,166.52999877929688,169.39999389648438,168.00999450683594,8395800.0,163.6159210205078
2018-12-18,173.02000427246094,169.32000732421875,169.77999877929688,171.5,5150800.0,167.01463317871094
2018-12-19,174.85000610351562,167.60000610351562,171.58999633789062,169.25,5316100.0,164.823486328125
2018-12-20,171.64999389648438,167.16000366210938,168.38999938964844,168.41000366210938,6488200.0,164.00547790527344
2018-12-21,169.6300048828125,159.4199981689453,168.25,160.0500030517578,8960000.0,155.8640899658203
2018-12-24,160.0,154.30999755859375,159.0,156.35000610351562,3783500.0,152.2608642578125
2018-12-26,163.11000061035156,151.6999969482422,157.0,162.92999267578125,7054700.0,158.6687774658203
2018-12-27,165.41000366210938,159.02000427246094,160.1199951171875,165.41000366210938,4973000.0,161.08392333984375
2018-12-28,165.9499969482422,162.02000427246094,165.63999938964844,163.02999877929688,4110500.0,158.7661590576172
2018-12-31,167.1199951171875,163.77999877929688,163.77999877929688,167.0500030517578,4550000.0,162.6810302734375
2019-01-02,172.25,163.35000610351562,164.3300018310547,172.02999877929688,3999400.0,167.53079223632812
2019-01-03,171.77000427246094,168.2899932861328,170.66000366210938,169.50999450683594,4060200.0,165.07667541503906
2019-01-04,176.0,171.10000610351562,172.99000549316406,175.0500030517578,3788300.0,170.4718017578125
2019-01-07,177.8300018310547,172.27000427246094,175.22999572753906,176.02000427246094,3152100.0,171.4164276123047
2019-01-08,178.10000610351562,172.89999389648438,177.77999877929688,175.3699951171875,2692700.0,170.78343200683594
2019-01-09,177.69000244140625,174.91000366210938,176.10000610351562,176.47000122070312,3321400.0,171.8546600341797
2019-01-10,178.07000732421875,175.5,175.66000366210938,176.0,2808700.0,171.39694213867188
2019-01-11,177.0399932861328,172.4199981689453,175.10000610351562,176.92999267578125,3182700.0,172.30262756347656
2019-01-14,179.5399932861328,174.10000610351562,174.52000427246094,178.72000122070312,3361700.0,174.04580688476562
2019-01-15,179.99000549316406,176.39999389648438,178.32000732421875,179.91000366210938,2911800.0,175.20469665527344
2019-01-16,198.14999389648438,185.60000610351562,187.0,197.0800018310547,15194200.0,191.92562866210938
2019-01-17,199.8000030517578,192.8300018310547,195.9499969482422,199.08999633789062,8177000.0,193.883056640625
2019-01-18,203.0,196.91000366210938,200.3800048828125,202.5399932861328,5650900.0,197.24281311035156
2019-01-22,201.47000122070312,195.9199981689453,200.5,197.67999267578125,4648500.0,192.50994873046875
2019-01-23,198.08999633789062,194.52999877929688,197.5500030517578,196.89999389648438,3410700.0,191.75033569335938
2019-01-24,199.67999267578125,195.75999450683594,196.22000122070312,197.8000030517578,2631800.0,192.62681579589844
2019-01-25,201.19000244140625,199.4199981689453,199.8300018310547,200.74000549316406,3275000.0,195.48992919921875
2019-01-28,200.07000732421875,197.10000610351562,197.99000549316406,199.72000122070312,2369600.0,194.49659729003906
2019-01-29,201.97000122070312,197.8699951171875,199.0,200.5,2694100.0,195.2561798095703
2019-01-30,203.2899932861328,199.64999389648438,200.89999389648438,202.47999572753906,2773300.0,197.1844024658203
2019-01-31,202.35000610351562,196.9499969482422,200.10000610351562,198.00999450683594,5604500.0,192.83131408691406
2019-02-01,199.63999938964844,196.5399932861328,198.0,196.5399932861328,3174200.0,191.39974975585938
2019-02-04,197.75999450683594,194.7899932861328,195.8000030517578,197.72000122070312,2400200.0,192.5488739013672
2019-02-05,199.3300018310547,196.86000061035156,198.1199951171875,198.00999450683594,2601000.0,192.83131408691406
2019-02-06,199.05999755859375,195.8300018310547,197.17999267578125,196.6199951171875,2063100.0,191.4776611328125
2019-02-07,195.8800048828125,191.0500030517578,195.27999877929688,193.07000732421875,2948800.0,188.0205078125
2019-02-08,192.6199951171875,188.22000122070312,191.72000122070312,191.6699981689453,2757500.0,186.65713500976562
2019-02-11,193.32000732421875,191.07000732421875,192.8800048828125,191.3300018310547,2056500.0,186.32601928710938
2019-02-12,195.64999389648438,193.0,193.0500030517578,194.49000549316406,2392900.0,189.4033966064453
2019-02-13,198.77999877929688,194.60000610351562,195.9199981689453,194.69000244140625,2757300.0,189.59814453125
2019-02-14,194.1300048828125,189.44000244140625,192.2100067138672,192.52999877929688,2865000.0,187.49462890625
2019-02-15,198.88999938964844,193.10000610351562,193.2100067138672,198.5,3065400.0,193.30850219726562
2019-02-19,199.05999755859375,195.61000061035156,196.66000366210938,198.6699981689453,2558200.0,193.4740447998047
2019-02-20,199.3000030517578,197.50999450683594,198.72999572753906,198.60000610351562,2266000.0,193.4058837890625
2019-02-21,199.4499969482422,195.0500030517578,198.97000122070312,196.36000061035156,2785900.0,191.22445678710938
2019-02-22,197.75,195.1999969482422,196.60000610351562,196.0,2626600.0,190.87388610839844
2019-02-25,201.5,197.7100067138672,198.0,198.64999389648438,3032200.0,193.45457458496094
2019-02-26,200.55999755859375,196.5500030517578,198.47000122070312,198.89999389648438,2499800.0,193.69801330566406
2019-02-27,199.88999938964844,197.1199951171875,198.5,198.10000610351562,1804200.0,193.6980438232422
2019-02-28,198.39999389648438,196.00999450683594,198.0399932861328,196.6999969482422,2964300.0,192.32913208007812
2019-03-01,201.44000244140625,197.42999267578125,198.75,198.1999969482422,2580500.0,193.79580688476562
2019-03-04,200.8300018310547,194.14999389648438,198.80999755859375,195.97999572753906,2683600.0,191.62515258789062
2019-03-05,196.17999267578125,193.0,195.85000610351562,196.0,2338600.0,191.6446990966797
2019-03-06,197.55999755859375,194.52999877929688,195.89999389648438,194.74000549316406,2247500.0,190.41270446777344
2019-03-07,193.4499969482422,190.0800018310547,193.1300048828125,192.77000427246094,3567800.0,188.48648071289062
2019-03-08,195.77000427246094,189.7100067138672,190.39999389648438,195.24000549316406,3162700.0,190.90159606933594
2019-03-11,198.97000122070312,195.72999572753906,197.22999572753906,195.97000122070312,2669000.0,191.61537170410156
2019-03-12,197.39999389648438,195.69000244140625,196.0,196.6300048828125,1977400.0,192.2606964111328
2019-03-13,198.92999267578125,196.52000427246094,197.75,197.25,1904500.0,192.86692810058594
2019-03-14,198.5,196.6999969482422,197.32000732421875,197.47000122070312,1482300.0,193.08204650878906
2019-03-15,198.85000610351562,196.85000610351562,197.16000366210938,198.25999450683594,2985200.0,193.85447692871094
2019-03-18,203.85000610351562,198.9199981689453,199.17999267578125,202.47000122070312,3354900.0,197.97093200683594
2019-03-19,206.4499969482422,200.77999877929688,204.8800048828125,201.1199951171875,3284900.0,196.6509246826172
2019-03-20,200.3300018310547,193.97000122070312,200.3300018310547,194.32000732421875,5033500.0,190.0020294189453
2019-03-21,195.5500030517578,191.75,192.89999389648438,194.5800018310547,4031500.0,190.25624084472656
2019-03-22,193.7100067138672,187.77999877929688,192.6699981689453,188.9600067138672,5703100.0,184.76113891601562
2019-03-25,191.4499969482422,186.5,189.3300018310547,188.50999450683594,3751000.0,184.3211212158203
2019-03-26,192.41000366210938,188.69000244140625,190.02999877929688,190.69000244140625,2910100.0,186.45269775390625
2019-03-27,191.61000061035156,188.74000549316406,190.60000610351562,190.02999877929688,2343800.0,185.80735778808594
2019-03-28,191.91000366210938,189.2899932861328,190.74000549316406,191.17999267578125,2343400.0,186.93179321289062
2019-03-29,193.11000061035156,191.13999938964844,192.67999267578125,191.99000549316406,2632800.0,187.72381591796875
2019-04-01,198.08999633789062,193.61000061035156,194.0,196.74000549316406,3562600.0,192.36825561523438
2019-04-02,197.75999450683594,195.39999389648438,196.24000549316406,197.5,2247000.0,193.11135864257812
2019-04-03,201.08999633789062,198.5399932861328,199.25,200.86000061035156,3227900.0,196.39671325683594
2019-04-04,204.2899932861328,200.5,200.8000030517578,202.22999572753906,2582300.0,197.73626708984375
2019-04-05,205.5,202.05999755859375,203.3800048828125,202.3800048828125,2447100.0,197.8829345703125
2019-04-08,203.6300048828125,201.17999267578125,202.7899932861328,202.5399932861328,1891500.0,198.0393524169922
2019-04-09,201.58999633789062,198.86000061035156,201.22999572753906,200.6199951171875,2400900.0,196.16201782226562
2019-04-10,203.1699981689453,200.27000427246094,201.8000030517578,202.97999572753906,1907100.0,198.4696044921875
2019-04-11,205.4499969482422,201.57000732421875,204.22999572753906,202.8300018310547,2802100.0,198.3229217529297
2019-04-12,209.97000122070312,206.3699951171875,207.0,207.83999633789062,5096600.0,203.22158813476562
2019-04-15,205.74000549316406,199.6999969482422,204.11000061035156,199.91000366210938,6617200.0,195.4678192138672
2019-04-16,202.94000244140625,199.24000549316406,199.6199951171875,201.83999633789062,4852600.0,197.35491943359375
2019-04-17,208.5,201.77999877929688,201.9600067138672,207.89999389648438,4195300.0,203.2802734375
2019-04-18,207.86000061035156,205.14999389648438,207.08999633789062,205.91000366210938,2874300.0,201.33448791503906
2019-04-22,205.58999633789062,204.13999938964844,205.1199951171875,204.60000610351562,1591400.0,200.05360412597656
2019-04-23,205.19000244140625,202.74000549316406,204.25,204.13999938964844,2120900.0,199.60382080078125
2019-04-24,203.52000427246094,199.72999572753906,203.0,200.5399932861328,4606100.0,196.0838165283203
2019-04-25,202.55999755859375,199.10000610351562,199.6999969482422,201.39999389648438,2075300.0,196.92469787597656
2019-04-26,203.1199951171875,200.32000732421875,201.72999572753906,203.0800018310547,1543100.0,198.5673828125
2019-04-29,208.0,203.27000427246094,203.5,206.9199981689453,2997000.0,202.32205200195312
2019-04-30,207.99000549316406,204.14999389648438,206.94000244140625,205.9199981689453,1833000.0,201.34425354003906
2019-05-01,208.41000366210938,204.02999877929688,206.39999389648438,204.72999572753906,1981800.0,200.1807098388672
2019-05-02,206.22000122070312,203.1199951171875,204.42999267578125,204.99000549316406,1514700.0,200.43495178222656
2019-05-03,208.75,205.6699981689453,206.00999450683594,207.52000427246094,1897600.0,202.90872192382812
2019-05-06,206.97999572753906,201.7100067138672,202.8000030517578,206.42999267578125,1927800.0,201.84292602539062
2019-05-07,204.0,201.00999450683594,203.33999633789062,202.6300048828125,2839500.0,198.1273651123047
2019-05-08,203.1999969482422,200.8000030517578,201.39999389648438,200.9499969482422,1817600.0,196.4846954345703
2019-05-09,202.22000122070312,197.91000366210938,199.50999450683594,201.6300048828125,2333400.0,197.14959716796875
2019-05-10,202.10000610351562,198.99000549316406,200.97999572753906,202.0500030517578,2089400.0,197.56027221679688
2019-05-13,197.89999389648438,194.0,197.89999389648438,194.97000122070312,3605600.0,190.63760375976562
2019-05-14,198.1300048828125,194.89999389648438,194.99000549316406,196.27999877929688,2463300.0,191.91847229003906
2019-05-15,197.58999633789062,193.4199981689453,194.63999938964844,196.39999389648438,2271100.0,192.03579711914062
2019-05-16,200.0,196.6199951171875,196.6300048828125,199.13999938964844,2008100.0,194.7149200439453
2019-05-17,199.08999633789062,196.3000030517578,196.3000030517578,197.42999267578125,1928300.0,193.04290771484375
2019-05-20,197.77999877929688,195.57000732421875,197.08999633789062,197.24000549316406,2483400.0,192.85716247558594
2019-05-21,199.32000732421875,198.0,198.66000366210938,199.11000061035156,2327600.0,194.6855926513672
2019-05-22,198.47999572753906,195.4600067138672,197.44000244140625,195.52000427246094,2427200.0,191.1753692626953
2019-05-23,193.0,189.55999755859375,193.0,191.97000122070312,3184100.0,187.70425415039062
2019-05-24,194.07000732421875,191.67999267578125,192.88999938964844,193.0,1637200.0,188.71136474609375
2019-05-28,193.30999755859375,189.38999938964844,192.0,189.44000244140625,3040000.0,185.23046875
2019-05-29,188.64999389648438,184.9199981689453,187.74000549316406,188.0500030517578,2815800.0,184.70008850097656
2019-05-30,189.3699951171875,186.00999450683594,188.08999633789062,187.3699951171875,1919300.0,184.03219604492188
2019-05-31,184.88999938964844,182.30999755859375,184.77000427246094,182.49000549316406,2640100.0,179.23915100097656
2019-06-03,183.49000549316406,180.72999572753906,181.6999969482422,183.19000244140625,2857800.0,179.9266815185547
2019-06-04,189.99000549316406,185.7100067138672,186.17999267578125,189.8800048828125,2420800.0,186.49749755859375
2019-06-05,190.16000366210938,187.00999450683594,190.10000610351562,188.44000244140625,1967800.0,185.08314514160156
2019-06-06,190.74000549316406,187.30999755859375,188.05999755859375,189.80999755859375,1653500.0,186.42874145507812
2019-06-07,190.61000061035156,188.52000427246094,189.8800048828125,189.80999755859375,1838600.0,186.42874145507812
2019-06-10,197.0,191.39999389648438,191.39999389648438,194.1199951171875,2372000.0,190.66195678710938
2019-06-11,196.1199951171875,193.50999450683594,195.3000030517578,194.72999572753906,1632200.0,191.26109313964844
2019-06-12,194.0500030517578,189.8300018310547,193.61000061035156,190.22000122070312,2058800.0,186.83143615722656
2019-06-13,192.25,190.07000732421875,190.41000366210938,191.4499969482422,1411400.0,188.03952026367188
2019-06-14,192.1699981689453,189.30999755859375,191.2899932861328,191.66000366210938,1403900.0,188.2457733154297
2019-06-17,193.22999572753906,190.74000549316406,192.02000427246094,190.8300018310547,1155600.0,187.43057250976562
2019-06-18,197.1300048828125,190.6699981689453,190.6699981689453,194.97999572753906,2363000.0,191.50662231445312
2019-06-19,197.61000061035156,194.7899932861328,195.35000610351562,195.63999938964844,2196800.0,192.15489196777344
2019-06-20,198.19000244140625,193.61000061035156,197.5,195.6999969482422,2749300.0,192.21380615234375
2019-06-21,198.33999633789062,193.97000122070312,195.33999633789062,195.94000244140625,3365500.0,192.4495391845703
2019-06-24,199.35000610351562,196.02999877929688,196.52999877929688,197.49000549316406,2069800.0,193.97193908691406
2019-06-25,197.52000427246094,194.00999450683594,197.5,196.05999755859375,1828300.0,192.56739807128906
2019-06-26,197.8699951171875,196.1199951171875,196.5,197.00999450683594,1649900.0,193.50047302246094
2019-06-27,199.61000061035156,196.75999450683594,197.57000732421875,199.32000732421875,2239200.0,195.7693328857422
2019-06-28,205.83999633789062,202.94000244140625,203.5,204.60000610351562,4854900.0,200.95526123046875
2019-07-01,209.85000610351562,205.74000549316406,208.0,206.86000061035156,2465700.0,203.17501831054688
2019-07-02,206.30999755859375,204.16000366210938,205.39999389648438,205.97999572753906,1621400.0,202.3106689453125
2019-07-03,207.39999389648438,205.22999572753906,207.3000030517578,206.0399932861328,978800.0,202.36961364746094
2019-07-05,208.75999450683594,206.1999969482422,206.86000061035156,207.89999389648438,1511400.0,204.1964874267578
2019-07-08,207.25,204.7100067138672,206.36000061035156,205.75,1853900.0,202.08477783203125
2019-07-09,207.94000244140625,203.5399932861328,203.75,207.77000427246094,1812100.0,204.06881713867188
2019-07-10,208.99000549316406,205.64999389648438,207.17999267578125,205.97000122070312,1779800.0,202.3008575439453
2019-07-11,212.58999633789062,206.0,206.1999969482422,211.35000610351562,3691600.0,207.58502197265625
2019-07-12,214.19000244140625,210.7899932861328,212.0,213.94000244140625,2626000.0,210.12889099121094
2019-07-15,214.60000610351562,209.7899932861328,214.11000061035156,211.5800018310547,2600200.0,207.8109130859375
2019-07-16,217.3300018310547,212.5500030517578,214.8000030517578,215.52000427246094,5283700.0,211.68075561523438
2019-07-17,215.77999877929688,213.16000366210938,213.8300018310547,213.3000030517578,2583500.0,209.50027465820312
2019-07-18,215.8300018310547,211.75,212.7100067138672,214.52000427246094,2859000.0,210.6985626220703
2019-07-19,215.77000427246094,213.35000610351562,214.02000427246094,213.52000427246094,1822300.0,209.71636962890625
2019-07-22,214.86000061035156,212.30999755859375,213.39999389648438,214.0,1907100.0,210.1878204345703
2019-07-23,220.0,214.9499969482422,214.9499969482422,219.42999267578125,3330600.0,215.52108764648438
2019-07-24,222.08999633789062,218.6300048828125,219.25,222.02999877929688,3180000.0,218.07476806640625
2019-07-25,221.77000427246094,218.22999572753906,221.77000427246094,219.97999572753906,2776700.0,216.061279296875
2019-07-26,222.24000549316406,220.3699951171875,220.4499969482422,222.13999938964844,2304500.0,218.1828155517578
2019-07-29,222.1300048828125,220.1999969482422,221.0,220.32000732421875,1372800.0,216.39523315429688
2019-07-30,221.99000549316406,217.3300018310547,218.49000549316406,221.39999389648438,1644600.0,217.4559783935547
2019-07-31,221.97999572753906,219.00999450683594,221.24000549316406,220.1300048828125,1991100.0,216.2086181640625
2019-08-01,219.9499969482422,210.75999450683594,219.35000610351562,211.60000610351562,3070100.0,207.83056640625
2019-08-02,211.5800018310547,205.30999755859375,211.5800018310547,209.3699951171875,2503000.0,205.64028930664062
2019-08-05,205.82000732421875,199.5800018310547,205.82000732421875,201.67999267578125,2794200.0,198.0872802734375
2019-08-06,206.07000732421875,200.88999938964844,203.55999755859375,206.00999450683594,2349400.0,202.3401336669922
2019-08-07,205.9600067138672,199.0500030517578,201.11000061035156,205.74000549316406,2454200.0,202.07496643066406
2019-08-08,207.8000030517578,203.5399932861328,207.1699981689453,207.0,2342200.0,203.31251525878906
2019-08-09,208.3000030517578,203.86000061035156,205.6199951171875,206.89999389648438,1790100.0,203.2142791748047
2019-08-12,204.14999389648438,200.47999572753906,203.27999877929688,201.52000427246094,1479300.0,197.9301300048828
2019-08-13,206.60000610351562,200.22999572753906,201.50999450683594,204.11000061035156,2115900.0,200.4739990234375
2019-08-14,199.91000366210938,195.05999755859375,199.8000030517578,195.55999755859375,3025100.0,192.0762939453125
2019-08-15,196.97000122070312,193.7100067138672,195.91000366210938,196.17999267578125,1981900.0,192.6852569580078
2019-08-16,200.6699981689453,197.0,197.02999877929688,199.4199981689453,1878700.0,195.8675537109375
2019-08-19,204.4499969482422,201.82000732421875,203.80999755859375,202.1999969482422,1646100.0,198.5980224609375
2019-08-20,201.99000549316406,199.6999969482422,200.2100067138672,199.97999572753906,1545600.0,196.41757202148438
2019-08-21,203.02000427246094,200.1699981689453,202.74000549316406,200.67999267578125,1160800.0,197.1051025390625
2019-08-22,203.4499969482422,200.91000366210938,202.27999877929688,202.4199981689453,1275900.0,198.8140869140625
2019-08-23,201.8800048828125,195.19000244140625,200.80999755859375,196.1999969482422,2200500.0,192.70489501953125
2019-08-26,199.7100067138672,198.0,198.27000427246094,199.64999389648438,1441900.0,196.09344482421875
2019-08-27,200.86000061035156,196.5,200.3300018310547,198.07000732421875,1513300.0,194.54159545898438
2019-08-28,201.47000122070312,196.25,196.57000732421875,200.4199981689453,1437800.0,196.84971618652344
2019-08-29,204.3699951171875,201.36000061035156,201.36000061035156,203.44000244140625,1816800.0,201.0699920654297
2019-08-30,205.2100067138672,203.00999450683594,204.85000610351562,203.91000366210938,1529600.0,201.53451538085938
2019-09-03,201.61000061035156,196.5800018310547,201.10000610351562,198.97000122070312,2633600.0,196.65206909179688
2019-09-04,202.10000610351562,200.0500030517578,201.49000549316406,201.72999572753906,1720600.0,199.37991333007812
2019-09-05,208.92999267578125,205.0399932861328,205.27000427246094,207.0500030517578,2237900.0,204.637939453125
2019-09-06,208.25,205.57000732421875,207.05999755859375,207.2100067138672,1438800.0,204.7960662841797
2019-09-09,213.8800048828125,208.44000244140625,209.22000122070312,211.97999572753906,2734500.0,209.510498046875
2019-09-10,217.08999633789062,213.22000122070312,213.5,215.6300048828125,2615800.0,213.11798095703125
2019-09-11,216.85000610351562,213.36000061035156,215.2100067138672,216.8000030517578,1886300.0,214.27435302734375
2019-09-12,220.75999450683594,215.14999389648438,216.3800048828125,218.74000549316406,2913800.0,216.19175720214844
2019-09-13,221.5,219.1999969482422,220.35000610351562,219.89999389648438,2722400.0,217.33822631835938
2019-09-16,219.3300018310547,216.32000732421875,217.82000732421875,217.22000122070312,2205500.0,214.689453125
2019-09-17,216.13999938964844,212.5399932861328,215.8000030517578,215.91000366210938,2429100.0,213.3947296142578
2019-09-18,217.88999938964844,213.3000030517578,214.8300018310547,217.0800018310547,2474900.0,214.55108642578125
2019-09-19,217.92999267578125,215.05999755859375,217.5800018310547,215.22999572753906,1596200.0,212.72262573242188
2019-09-20,216.67999267578125,213.6300048828125,214.66000366210938,213.74000549316406,5458900.0,211.25
2019-09-23,214.11000061035156,211.55999755859375,212.85000610351562,213.4600067138672,1485500.0,210.9732666015625
2019-09-24,214.1999969482422,206.8000030517578,214.0399932861328,207.75,2837600.0,205.32977294921875
2019-09-25,211.08999633789062,207.4499969482422,207.9600067138672,210.02999877929688,1593400.0,207.5832061767578
2019-09-26,209.97000122070312,208.11000061035156,209.0500030517578,208.22000122070312,1685500.0,205.79429626464844
2019-09-27,210.5500030517578,208.08999633789062,209.85000610351562,208.97000122070312,1530900.0,206.5355682373047
2019-09-30,209.7100067138672,206.8300018310547,209.7100067138672,207.22999572753906,1794500.0,204.81582641601562
2019-10-01,209.3800048828125,202.61000061035156,207.00999450683594,202.69000244140625,3156200.0,200.32872009277344
2019-10-02,201.8800048828125,197.60000610351562,201.69000244140625,198.25,3386800.0,195.94046020507812
2019-10-03,198.3699951171875,193.99000549316406,197.61000061035156,197.24000549316406,2914500.0,194.94223022460938
2019-10-04,201.22999572753906,196.0399932861328,196.99000549316406,200.8000030517578,3021100.0,198.46075439453125
2019-10-07,202.52999877929688,199.47000122070312,200.7899932861328,200.39999389648438,2202200.0,198.06539916992188
2019-10-08,198.9499969482422,195.9199981689453,197.60000610351562,197.3699951171875,2654900.0,195.07069396972656
2019-10-09,198.97999572753906,196.67999267578125,198.19000244140625,196.85000610351562,2443500.0,194.5567626953125
2019-10-10,201.32000732421875,197.5399932861328,197.58999633789062,199.8699951171875,2108000.0,197.54156494140625
2019-10-11,207.2899932861328,203.72000122070312,203.72000122070312,204.67999267578125,3334300.0,202.2955322265625
2019-10-14,206.1699981689453,202.9199981689453,203.8300018310547,205.82000732421875,2286100.0,203.42227172851562
2019-10-15,208.24000549316406,198.61000061035156,202.0,206.4600067138672,8241900.0,204.0548095703125
2019-10-16,208.6199951171875,206.10000610351562,206.1699981689453,207.4199981689453,3405800.0,205.0036163330078
2019-10-17,208.92999267578125,204.38999938964844,208.2899932861328,206.4600067138672,2876500.0,204.0548095703125
2019-10-18,208.05999755859375,204.99000549316406,204.99000549316406,206.52000427246094,2207000.0,204.11412048339844
2019-10-21,210.86000061035156,207.67999267578125,208.6699981689453,209.25,1934900.0,206.8123016357422
2019-10-22,211.64999389648438,208.30999755859375,209.58999633789062,209.60000610351562,1868000.0,207.15823364257812
2019-10-23,212.02000427246094,209.0,209.22000122070312,211.32000732421875,1574500.0,208.8582000732422
2019-10-24,213.14999389648438,209.77999877929688,211.61000061035156,211.0500030517578,1266500.0,208.59132385253906
2019-10-25,215.4199981689453,210.17999267578125,210.17999267578125,214.22999572753906,2601000.0,211.73428344726562
2019-10-28,218.9199981689453,215.69000244140625,216.32000732421875,217.75,2707200.0,215.21327209472656
2019-10-29,219.27999877929688,216.4499969482422,217.22000122070312,217.63999938964844,2030400.0,215.1045684814453
2019-10-30,217.0500030517578,213.80999755859375,217.02000427246094,215.80999755859375,1584900.0,213.29586791992188
2019-10-31,215.36000061035156,211.32000732421875,215.14999389648438,213.3800048828125,1876200.0,210.89419555664062
2019-11-01,217.88999938964844,214.75,215.25999450683594,217.38999938964844,2112300.0,214.85748291015625
2019-11-04,220.69000244140625,218.57000732421875,219.6999969482422,219.8699951171875,2538100.0,217.30857849121094
2019-11-05,221.77999877929688,218.47000122070312,220.8000030517578,218.63999938964844,2525100.0,216.09291076660156
2019-11-06,219.07000732421875,216.5500030517578,218.00999450683594,218.4199981689453,1863000.0,215.87547302246094
2019-11-07,224.77000427246094,220.41000366210938,220.77000427246094,223.2899932861328,3748600.0,220.68873596191406
2019-11-08,223.22999572753906,221.10000610351562,223.0,222.91000366210938,1610800.0,220.31317138671875
2019-11-11,221.41000366210938,218.52000427246094,220.89999389648438,219.02999877929688,2754500.0,216.47836303710938
2019-11-12,221.11000061035156,217.92999267578125,218.55999755859375,220.41000366210938,1891600.0,217.84230041503906
2019-11-13,219.83999633789062,217.00999450683594,218.38999938964844,219.32000732421875,1756000.0,216.76499938964844
2019-11-14,220.47000122070312,218.02999877929688,218.7899932861328,219.42999267578125,1483100.0,216.8737030029297
2019-11-15,221.08999633789062,219.0399932861328,220.0,220.25,1693100.0,217.6841583251953
2019-11-18,219.9499969482422,218.0399932861328,219.72999572753906,219.72999572753906,1603400.0,217.1702117919922
2019-11-19,220.67999267578125,218.30999755859375,220.55999755859375,220.0399932861328,1817100.0,217.47659301757812
2019-11-20,219.47000122070312,216.39999389648438,218.36000061035156,217.91000366210938,2177700.0,215.37142944335938
2019-11-21,219.32000732421875,216.82000732421875,218.60000610351562,218.22999572753906,1677500.0,215.68768310546875
2019-11-22,220.7100067138672,218.0,218.0,220.27999877929688,1529100.0,217.71380615234375
2019-11-25,223.9499969482422,220.88999938964844,220.88999938964844,222.75,2181800.0,220.155029296875
2019-11-26,222.75999450683594,221.11000061035156,222.67999267578125,222.4499969482422,1926300.0,219.85853576660156
2019-11-27,224.27999877929688,221.86000061035156,223.4499969482422,222.9499969482422,1614600.0,220.3527069091797
2019-11-29,222.0,220.41000366210938,220.8800048828125,221.35000610351562,770400.0,220.0048370361328
2019-12-02,221.8000030517578,217.0800018310547,220.97000122070312,217.63999938964844,2118500.0,216.3173828125
2019-12-03,215.42999267578125,210.0,215.42999267578125,212.24000549316406,3207100.0,210.9501953125
2019-12-04,216.99000549316406,212.3800048828125,213.5399932861328,215.94000244140625,1583600.0,214.62771606445312
2019-12-05,217.6300048828125,215.4199981689453,217.14999389648438,217.13999938964844,1329300.0,215.82041931152344
2019-12-06,225.39999389648438,218.82000732421875,219.9499969482422,224.61000061035156,4229400.0,223.24502563476562
2019-12-09,224.64999389648438,221.77000427246094,224.61000061035156,221.80999755859375,2134600.0,220.4620361328125
2019-12-10,222.8800048828125,220.5500030517578,221.6699981689453,221.8800048828125,1854100.0,220.5316162109375
2019-12-11,222.85000610351562,220.83999633789062,222.25,221.19000244140625,1778600.0,219.84580993652344
2019-12-12,226.77999877929688,220.60000610351562,221.91000366210938,226.0500030517578,2974300.0,224.67626953125
2019-12-13,227.99000549316406,223.6999969482422,226.72000122070312,225.0,1908200.0,223.6326446533203
2019-12-16,230.6999969482422,227.8699951171875,228.5,228.0399932861328,3218400.0,226.6541748046875
2019-12-17,232.07000732421875,228.8000030517578,230.0,231.14999389648438,3590000.0,229.74526977539062
2019-12-18,232.1999969482422,229.94000244140625,231.97000122070312,230.4499969482422,2280800.0,229.04953002929688
2019-12-19,231.38999938964844,228.9600067138672,230.9499969482422,229.94000244140625,2418100.0,228.54263305664062
2019-12-20,231.2899932861328,228.6199951171875,230.9600067138672,228.92999267578125,3715500.0,227.53875732421875
2019-12-23,230.47999572753906,228.41000366210938,229.66000366210938,229.08999633789062,1670400.0,227.69778442382812
2019-12-24,229.9499969482422,228.3699951171875,228.97999572753906,229.91000366210938,467700.0,228.5128173828125
2019-12-26,232.1999969482422,229.99000549316406,230.25999450683594,231.2100067138672,1704000.0,229.80491638183594
2019-12-27,232.2100067138672,230.47000122070312,231.80999755859375,230.66000366210938,1343900.0,229.2582550048828
2019-12-30,231.67999267578125,229.5,231.67999267578125,229.8000030517578,1494500.0,228.4034881591797
2019-12-31,229.97000122070312,228.6699981689453,229.7100067138672,229.92999267578125,1447200.0,228.53268432617188
2020-01-02,234.63999938964844,230.16000366210938,231.0,234.32000732421875,3736300.0,232.89601135253906
2020-01-03,232.61000061035156,230.3000030517578,231.60000610351562,231.5800018310547,2274500.0,230.17266845703125
2020-01-06,234.02000427246094,229.49000549316406,229.92999267578125,233.9499969482422,3329300.0,232.52825927734375
2020-01-07,237.77000427246094,234.75999450683594,235.0,235.49000549316406,5255200.0,234.0589141845703
2020-01-08,239.75,235.47999572753906,235.67999267578125,237.75999450683594,3564700.0,236.31509399414062
2020-01-09,243.39999389648438,239.82000732421875,241.33999633789062,242.60000610351562,3980700.0,241.12570190429688
2020-01-10,243.38999938964844,241.38999938964844,242.75,242.11000061035156,2248100.0,240.638671875
2020-01-13,246.11000061035156,243.0,244.44000244140625,245.2100067138672,3359200.0,243.71983337402344
2020-01-14,248.52000427246094,244.60000610351562,245.32000732421875,245.66000366210938,4302800.0,244.16709899902344
2020-01-15,249.5,239.16000366210938,242.0,245.2100067138672,5411200.0,243.71983337402344
2020-01-16,249.82000732421875,246.22999572753906,247.00999450683594,249.72000122070312,3968400.0,248.20242309570312
2020-01-17,250.4600067138672,248.0,250.22999572753906,249.4600067138672,3108400.0,247.9440155029297
2020-01-21,248.85000610351562,245.60000610351562,247.2100067138672,245.6999969482422,2492400.0,244.20684814453125
2020-01-22,248.52000427246094,246.33999633789062,246.61000061035156,247.0500030517578,2030900.0,245.5486602783203
2020-01-23,247.0,242.8800048828125,244.5,245.5800018310547,2806800.0,244.08758544921875
2020-01-24,245.7100067138672,240.60000610351562,245.07000732421875,241.9199981689453,2877400.0,240.4498291015625
2020-01-27,238.99000549316406,235.00999450683594,236.3699951171875,238.13999938964844,2506200.0,236.6927947998047
2020-01-28,243.5800018310547,238.0500030517578,239.49000549316406,242.5800018310547,3123000.0,241.10581970214844
2020-01-29,246.5,239.57000732421875,244.52000427246094,240.1199951171875,3711600.0,238.6607666015625
2020-01-30,244.33999633789062,236.72999572753906,237.69000244140625,244.1300048828125,3261700.0,242.64639282226562
2020-01-31,242.88999938964844,236.8800048828125,241.99000549316406,237.75,3482800.0,236.30516052246094
2020-02-03,242.38999938964844,238.0500030517578,238.36000061035156,239.00999450683594,2733000.0,237.55751037597656
2020-02-04,243.74000549316406,241.5500030517578,242.8800048828125,241.94000244140625,3052500.0,240.46971130371094
2020-02-05,245.1300048828125,243.0,244.99000549316406,244.3000030517578,3126600.0,242.81536865234375
2020-02-06,245.77000427246094,241.17999267578125,245.35000610351562,241.82000732421875,2225600.0,240.35043334960938
2020-02-07,240.52000427246094,236.5500030517578,239.75,238.0,3006500.0,236.55364990234375
2020-02-10,237.8699951171875,235.4600067138672,237.39999389648438,237.36000061035156,2591300.0,235.91754150390625
2020-02-11,239.5500030517578,236.22000122070312,239.0,236.4600067138672,2238800.0,235.02301025390625
2020-02-12,241.17999267578125,237.72000122070312,238.00999450683594,238.64999389648438,2119200.0,237.19969177246094
2020-02-13,238.97000122070312,236.57000732421875,237.85000610351562,238.35000610351562,1461300.0,236.90151977539062
2020-02-14,239.00999450683594,236.22999572753906,237.94000244140625,237.0800018310547,1718700.0,235.6392364501953
2020-02-18,237.07000732421875,231.1999969482422,236.5500030517578,233.2100067138672,2736500.0,231.7927703857422
2020-02-19,237.8000030517578,233.27999877929688,235.0,237.3300018310547,2207100.0,235.88772583007812
2020-02-20,236.89999389648438,231.25,236.41000366210938,232.72999572753906,3183700.0,231.315673828125
2020-02-21,231.8000030517578,228.3699951171875,230.91000366210938,230.6199951171875,3081600.0,229.21849060058594
2020-02-24,226.69000244140625,222.5399932861328,223.22999572753906,224.5399932861328,4139400.0,223.17544555664062
2020-02-25,225.8699951171875,215.88999938964844,224.77999877929688,217.61000061035156,5343100.0,216.28756713867188
2020-02-26,220.0,214.75999450683594,218.6999969482422,215.77999877929688,4171100.0,214.4686737060547
2020-02-27,213.47999572753906,205.3699951171875,210.49000549316406,205.69000244140625,5848200.0,204.44000244140625
2020-02-28,202.25,194.85000610351562,199.08999633789062,200.77000427246094,6740700.0,200.77000427246094
2020-03-02,209.6199951171875,197.6300048828125,201.41000366210938,209.47000122070312,5285500.0,209.47000122070312
2020-03-03,211.7899932861328,202.1199951171875,209.0,203.42999267578125,5677200.0,203.42999267578125
2020-03-04,208.9199981689453,202.6999969482422,205.83999633789062,208.74000549316406,3520400.0,208.74000549316406
2020-03-05,203.47000122070312,196.9499969482422,201.3300018310547,198.7899932861328,4151500.0,198.7899932861328
2020-03-06,196.3000030517578,189.27999877929688,190.67999267578125,192.85000610351562,5071900.0,192.85000610351562
2020-03-09,179.25,170.16000366210938,173.5800018310547,172.80999755859375,6443000.0,172.80999755859375
2020-03-10,185.39999389648438,173.2899932861328,181.6199951171875,184.35000610351562,6803900.0,184.35000610351562
2020-03-11,180.77000427246094,170.97000122070312,178.47999572753906,171.88999938964844,5314000.0,171.88999938964844
2020-03-12,166.75,150.0,160.0,150.67999267578125,8357700.0,150.67999267578125
2020-03-13,177.55999755859375,152.35000610351562,162.82000732421875,177.1699981689453,6368400.0,177.1699981689453
2020-03-16,169.5399932861328,150.0,150.22999572753906,154.66000366210938,6888000.0,154.66000366210938
2020-03-17,166.74000549316406,150.0,157.0,158.6699981689453,6876300.0,158.6699981689453
2020-03-18,155.97000122070312,135.41000366210938,150.0,140.02000427246094,9543200.0,140.02000427246094
2020-03-19,152.49000549316406,130.85000610351562,137.3800048828125,149.49000549316406,6548200.0,149.49000549316406
2020-03-20,149.19000244140625,138.2899932861328,148.99000549316406,138.41000366210938,7561300.0,138.41000366210938
2020-03-23,141.94000244140625,133.25999450683594,136.02999877929688,134.97000122070312,5472600.0,134.97000122070312
2020-03-24,153.89999389648438,143.6300048828125,144.32000732421875,153.60000610351562,6647400.0,153.60000610351562
2020-03-25,162.2100067138672,145.32000732421875,154.60000610351562,155.1300048828125,8587800.0,155.1300048828125
2020-03-26,167.66000366210938,154.30999755859375,156.3699951171875,165.7899932861328,6762200.0,165.7899932861328
2020-03-27,163.72999572753906,157.0,159.0800018310547,158.33999633789062,4186700.0,158.33999633789062
2020-03-30,160.42999267578125,153.17999267578125,158.52000427246094,159.6199951171875,4152800.0,159.6199951171875
2020-03-31,161.10000610351562,153.72000122070312,158.1300048828125,154.58999633789062,3588200.0,154.58999633789062
2020-04-01,149.57000732421875,145.0,146.10000610351562,145.2899932861328,4689100.0,145.2899932861328
2020-04-02,150.4499969482422,141.6699981689453,143.02000427246094,149.92999267578125,4446900.0,149.92999267578125
2020-04-03,150.9199981689453,145.22999572753906,149.1999969482422,146.92999267578125,2801600.0,146.92999267578125
2020-04-06,158.92999267578125,153.77000427246094,155.47000122070312,158.22999572753906,4689400.0,158.22999572753906
2020-04-07,169.13999938964844,162.4499969482422,166.0,166.02000427246094,4953500.0,166.02000427246094
2020-04-08,178.10000610351562,168.5500030517578,168.5500030517578,176.9600067138672,5194800.0,176.9600067138672
2020-04-09,187.3300018310547,179.77000427246094,180.5800018310547,184.25999450683594,6449900.0,184.25999450683594
2020-04-13,184.97000122070312,179.1300048828125,183.85000610351562,179.17999267578125,4774300.0,179.17999267578125
2020-04-14,183.3800048828125,174.5399932861328,182.35000610351562,178.22999572753906,4149600.0,178.22999572753906
2020-04-15,181.67999267578125,169.14999389648438,170.6300048828125,178.52000427246094,6042700.0,178.52000427246094
2020-04-16,178.44000244140625,172.38999938964844,177.22000122070312,177.0399932861328,4662200.0,177.0399932861328
2020-04-17,185.27999877929688,178.2899932861328,183.49000549316406,183.49000549316406,5426700.0,183.49000549316406
2020-04-20,186.32000732421875,178.02000427246094,179.6999969482422,180.39999389648438,4674800.0,180.39999389648438
2020-04-21,179.1999969482422,173.66000366210938,175.44000244140625,173.80999755859375,3819000.0,173.80999755859375
2020-04-22,178.17999267578125,174.47000122070312,177.5,175.97999572753906,2316600.0,175.97999572753906
2020-04-23,179.07000732421875,174.4499969482422,177.0,175.0500030517578,2013300.0,175.0500030517578
2020-04-24,177.9499969482422,173.49000549316406,177.0,177.0,2024400.0,177.0
2020-04-27,184.25,178.72000122070312,179.10000610351562,183.5399932861328,2743100.0,183.5399932861328
2020-04-28,190.4199981689453,184.8699951171875,189.16000366210938,187.00999450683594,3344000.0,187.00999450683594
2020-04-29,193.72000122070312,189.57000732421875,192.61000061035156,190.02999877929688,2942199.0,190.02999877929688
